Sample_Name	AP011213.1	JX534239.1	JX978723.1	KR816507.1	KR866125.1	KX641475.1	KX964606.1	LC541478.1	MF804538.1	MN400429.1	NC_001640.1	NC_001700.1	NC_001913.1	NC_001960.1	NC_002008.4	NC_002355.1	NC_003128.3	NC_003192.1	NC_003408.1	NC_003489.1	NC_004069.1	NC_004419.1	NC_004926.1	NC_005033.1	NC_005037.1	NC_005292.1	NC_006076.1	NC_006295.1	NC_006853.1	NC_006880.1	NC_006992.1	NC_007439.1	NC_007691.1	NC_007895.1	NC_008066.1	NC_008140.1	NC_008434.1	NC_008449.1	NC_008644.1	NC_009579.1	NC_009626.1	NC_009687.1	NC_009711.1	NC_010197.1	NC_010773.1	NC_011075.1	NC_011389.1	NC_011626.1	NC_011638.1	NC_011710.1	NC_012095.1	NC_012389.1	NC_012569.1	NC_012901.1	NC_012920.1	NC_013183.1	NC_013184.1	NC_013246.1	NC_013434.1	NC_013568.1	NC_013700.1	NC_013815.1	NC_013978.1	NC_014295.1	NC_014342.1	NC_014809.1	NC_014861.1	NC_014866.1	NC_015073.1	NC_015101.1	NC_015236.1	NC_015526.1	NC_015614.1	NC_015888.1	NC_015987.1	NC_016420.1	NC_016870.1	NC_016956.1	NC_018134.1	NC_018367.1	NC_018536.1	NC_018549.1	NC_020028.1	NC_020046.1	NC_020048.1	NC_020338.1	NC_020585.1	NC_020637.1	NC_020645.1	NC_021469.1	NC_021478.1	NC_021763.1	NC_022418.1	NC_022707.1	NC_022721.1	NC_022854.1	NC_023080.1	NC_023253.1	NC_023258.1	NC_023453.1	NC_023803.1	NC_023823.1	NC_023828.1	NC_023839.1	NC_024103.1	NC_024559.1	NC_024586.1	NC_024733.1	NC_024751.1	NC_024927.1	NC_024939.1	NC_025225.1	NC_025316.1	NC_025500.1	NC_025504.1	NC_025521.1	NC_025580.1	NC_025637.1	NC_025923.1	NC_026063.1	NC_026079.1	NC_026082.1	NC_026124.1	NC_026529.1	NC_026709.1	NC_026712.1	NC_027503.1	NC_027605.1	NC_027961.1	NC_028049.1	NC_028229.1	NC_028725.1	NC_029215.1	NC_029252.1	NC_029403.1	NC_029457.1	NC_029755.1	NC_029771.1	NC_030041.1	NC_030518.1	NC_030603.1	NC_030633.1	NC_030764.1	NC_031332.1	NC_031362.1	NC_031447.1	NC_034296.1	NC_035106.1	NC_035866.1	NC_035976.1	NC_036351.1	NC_036369.1	NC_036948.1	NC_038207.1	NC_038219.1	NC_039104.1	NC_039888.1	NC_041412.1	NC_041647.1	NC_042168.1	NC_046036.1	NC_046756.1	NC_047480.1	NC_048487.1	NC_048988.1	NC_048989.1	NC_048990.1	NC_049858.1	NC_051486.1	NC_053523.1	NC_056403.1	NC_056780.1	NC_059757.1	NC_060839.1	NC_061250.1	NC_061975.1	NC_062715.1	NC_062716.1	NC_065213.1	NC_066925.1	NC_067498.1	NC_068236.1	NC_069637.1	OM736804.1
SRR23971410	0	0	0	43	0	43	0	43	0	0	0	0	0	0	819	0	0	0	215	0	516	0	0	0	0	0	0	0	0	0	0	0	0	0	0	0	0	0	0	0	0	0	0	0	0	0	275	0	0	0	430	0	0	0	43	0	0	0	0	0	13296	0	8574	0	0	0	0	0	0	0	129	1606	0	0	0	0	0	0	0	0	0	0	0	0	0	0	0	0	43	0	2565	0	5936	0	0	0	0	0	0	0	0	0	0	0	0	0	0	0	0	0	0	0	513	0	0	0	0	0	0	0	0	0	0	86	0	0	0	0	0	0	0	0	0	0	172	0	0	0	387	0	0	0	0	0	0	1260	0	0	0	0	0	48	0	0	0	43	3267	0	0	0	0	0	0	0	0	86	0	0	0	1013	0	0	0	0	0	0	43	0	0	0	0	0	0	0
SRR23971411	0	0	0	0	43	763	43	43	0	0	0	86	860	129	601	0	0	86	86	0	342	0	256	0	0	43	0	0	0	0	0	43	0	0	0	0	0	0	0	0	0	129	0	0	0	86	43	0	134	43	568	0	43	215	3717	129	0	0	0	0	387	0	10003	0	0	0	0	86	0	0	146	256	43	299	86	0	0	0	129	0	0	0	0	0	0	0	0	0	43	0	169	0	6241	0	0	0	0	0	0	0	0	0	0	0	0	0	0	0	0	0	0	0	86	0	0	0	0	0	0	472	43	0	0	0	0	43	0	43	0	0	0	0	387	0	0	0	0	0	1518	0	0	0	0	0	172	215	0	0	0	0	0	0	0	0	0	0	2277	86	0	0	0	0	0	0	0	86	11372	0	0	13046	0	0	0	1277	0	0	0	0	0	0	46	0	0	0
SRR23971412	0	0	0	0	0	640	0	0	0	0	0	0	43	0	43	0	0	0	43	0	86	0	0	0	0	0	0	0	0	0	0	0	0	0	0	0	0	0	0	0	0	0	0	0	0	0	0	0	0	0	9275	0	0	0	172	0	0	0	0	0	129	0	2739	0	0	0	0	0	0	0	0	215	43	43	0	0	0	0	0	0	0	0	0	0	0	0	0	0	0	0	645	0	12899	0	0	0	0	0	0	0	0	0	0	0	0	0	0	0	0	0	0	0	0	0	0	0	0	0	0	43	0	0	0	0	0	0	0	0	0	0	0	0	0	0	0	0	0	0	0	0	0	0	0	0	258	0	0	0	0	0	0	0	0	0	0	0	3162	0	0	0	0	0	0	0	0	0	0	0	0	12693	0	0	0	86	0	0	0	0	0	0	0	0	0	0
SRR23971413	0	0	0	0	129	778	0	85	0	0	0	0	334	0	129	0	0	0	258	0	86	0	0	0	0	0	0	0	0	0	0	0	129	0	0	0	0	0	0	0	0	0	0	0	0	0	0	0	258	0	6139	0	0	0	4408	0	0	0	0	0	217	0	13352	0	0	0	0	0	0	0	86	1765	0	0	86	0	0	0	171	0	0	0	0	0	0	0	43	0	129	0	498	0	12270	0	0	0	0	0	0	0	0	0	0	1113	0	0	0	0	0	0	0	0	129	43	0	0	0	0	0	86	0	0	0	43	0	0	0	0	0	0	0	0	0	0	0	0	0	0	43	0	0	0	0	0	0	690	0	0	0	0	0	0	0	0	0	0	6032	43	0	0	0	0	0	0	0	261	0	0	0	13388	0	0	0	129	0	0	0	0	0	43	0	0	0	0
SRR23971414	0	0	0	0	0	568	0	0	0	0	0	0	258	0	0	0	0	0	0	0	0	0	0	0	0	0	0	0	43	0	0	0	0	0	0	0	0	0	0	0	0	0	0	0	0	0	0	0	0	0	129	0	0	0	430	0	0	0	0	0	172	0	8850	0	0	0	0	0	0	0	0	129	0	0	43	0	0	0	0	0	0	0	0	0	0	0	0	0	0	0	129	0	11893	0	0	0	0	0	0	0	0	0	0	0	0	0	0	0	0	0	0	0	0	0	0	0	0	0	0	0	0	0	0	0	0	0	0	0	0	0	0	0	0	0	0	0	0	0	0	0	0	0	0	0	0	171	0	0	0	0	0	0	0	0	0	43	466	0	0	0	0	0	0	0	0	43	0	0	0	13195	0	0	0	0	0	0	0	0	0	43	0	0	0	0
SRR23971415	0	0	0	0	0	366	0	0	0	0	0	0	0	0	0	0	0	0	0	0	0	0	0	0	0	0	0	0	0	0	0	0	0	0	0	0	43	0	0	0	0	0	0	0	0	0	0	0	0	0	43	0	0	0	129	0	0	0	0	0	0	0	4370	0	0	0	0	0	0	0	0	0	0	0	43	0	0	0	0	0	0	0	0	0	0	0	43	0	0	0	0	0	2188	0	0	0	0	0	0	0	0	0	0	0	0	0	0	0	0	0	0	0	0	0	0	0	0	0	0	0	0	0	0	0	0	0	0	0	0	0	0	0	0	0	0	0	0	0	0	0	0	0	0	0	0	0	0	0	0	0	0	0	0	0	0	0	215	0	0	0	0	0	0	0	0	0	0	0	0	11205	0	0	0	0	0	0	0	0	0	43	0	0	0	0
SRR23971416	0	0	0	0	0	0	0	0	0	0	0	0	0	0	0	0	0	0	0	0	0	0	0	0	0	0	0	0	0	0	0	0	0	0	0	0	0	0	0	0	0	0	0	0	0	0	0	0	0	0	0	0	0	0	0	0	0	0	0	0	0	0	0	0	0	0	0	0	0	0	0	0	0	0	0	0	0	0	0	0	0	0	0	0	0	0	0	0	0	0	0	0	0	0	0	0	0	0	0	0	0	0	0	0	0	0	0	0	0	0	0	0	0	0	0	0	0	0	0	0	0	0	0	0	0	0	0	0	0	0	0	0	0	0	0	0	0	0	0	0	0	0	0	0	0	0	0	0	0	0	0	0	0	0	0	0	0	0	0	0	0	0	0	0	0	0	0	0	0	0	0	0	0	0	0	0	0	0	0	0	0	0	0	0
SRR23971417	0	0	0	0	0	700	0	0	0	0	0	0	0	0	0	0	0	0	298	0	0	0	0	0	0	0	0	0	0	0	0	0	0	0	0	0	43	0	0	0	0	0	0	0	0	0	0	0	43	43	215	0	0	0	258	0	0	0	0	0	86	0	10004	0	0	0	0	0	0	43	0	43	0	0	1161	0	0	0	0	0	0	0	0	0	0	0	0	0	0	0	172	0	11324	0	0	0	0	0	0	0	0	0	0	0	0	0	0	0	0	0	0	0	43	0	0	0	0	0	0	86	0	0	0	0	0	0	0	0	0	0	0	0	0	0	0	0	0	0	0	0	0	0	0	0	0	43	0	0	0	0	0	0	0	0	0	0	2195	0	0	0	0	0	0	0	0	43	1650	0	0	13257	0	0	0	43	0	0	0	0	0	43	0	0	0	0
SRR23971418	0	0	0	172	0	106	0	132	0	0	0	43	1634	0	473	0	0	0	3020	0	43	0	0	0	0	0	0	0	129	0	0	0	129	0	0	0	165	0	0	0	0	0	0	0	0	43	43	0	12801	0	1384	0	0	0	1761	42	0	0	0	0	3718	0	12907	0	0	0	43	0	0	0	86	1653	0	0	86	0	0	0	43	0	0	0	0	0	0	0	43	43	344	0	415	0	12396	0	0	0	0	0	0	0	0	0	0	43	0	0	0	0	0	0	0	0	559	0	0	0	0	0	0	129	86	0	0	0	0	0	0	0	0	0	0	0	3740	0	0	0	0	0	43	0	43	0	0	0	0	393	43	0	0	0	0	42	0	0	0	0	9483	258	0	0	44	0	0	0	0	131	191	1601	0	13307	0	0	0	380	0	0	0	0	0	86	0	0	0	0
SRR23971419	0	0	0	0	0	674	0	0	0	0	0	0	0	0	0	0	0	0	0	0	0	0	0	0	0	0	0	0	0	0	0	0	86	0	0	0	0	0	0	0	0	0	0	0	0	0	0	0	0	0	43	0	0	0	427	0	0	0	0	0	0	0	11850	0	0	0	0	0	0	0	0	43	0	0	0	0	0	0	0	0	0	0	0	0	0	0	126	0	0	0	0	0	3319	0	0	0	0	0	0	0	0	0	0	0	0	0	0	0	0	0	0	0	0	0	0	0	0	0	0	0	0	0	0	0	0	0	0	0	0	0	0	0	0	0	0	0	0	0	0	0	0	0	0	0	0	128	0	0	0	0	0	0	0	0	0	0	731	0	0	0	0	0	0	0	0	185	0	0	0	13443	0	0	0	0	0	0	0	0	0	0	0	0	0	0
SRR23971420	0	0	0	0	0	86	0	43	0	0	0	387	129	0	258	0	0	0	730	0	86	0	0	0	0	0	0	0	43	0	0	0	129	0	0	0	172	0	0	0	0	0	0	0	0	0	0	0	387	43	172	0	43	0	7836	0	54	0	0	0	516	0	10887	0	0	0	0	0	0	0	43	1019	0	0	0	0	0	0	129	0	0	0	0	0	0	0	0	0	0	0	425	0	10203	0	0	0	0	0	0	0	0	0	0	0	0	0	0	0	0	0	0	0	94	0	0	0	0	0	0	170	6456	0	0	0	0	0	0	0	0	86	0	1044	0	0	0	0	0	0	0	0	0	0	0	0	0	387	0	0	0	0	0	0	0	0	43	0	7437	172	0	0	0	0	0	0	0	43	43	0	0	13429	0	0	0	1280	0	0	0	0	0	43	0	0	0	0
SRR23971421	0	0	0	0	0	801	0	43	0	0	0	0	343	0	750	0	0	0	43	0	251	0	0	0	0	0	0	0	85	0	0	0	86	0	0	0	0	0	0	0	0	0	0	0	0	0	0	0	344	0	2352	0	0	0	1503	0	0	0	0	0	729	0	7348	0	0	0	0	0	0	0	0	1914	0	0	0	0	0	0	43	0	0	0	0	0	0	0	0	0	0	0	602	0	7107	0	0	0	0	0	0	0	0	0	0	43	0	0	0	0	0	0	0	0	0	0	0	0	0	0	0	86	0	0	0	0	0	0	0	0	0	0	0	0	0	0	86	0	0	0	43	0	0	0	0	0	0	86	0	0	0	0	0	0	0	0	0	43	1412	0	0	0	0	0	0	0	0	0	0	0	0	13316	0	0	0	0	0	0	0	0	0	0	0	0	0	0
SRR23971422	0	0	0	43	0	160	0	0	0	43	0	0	12601	0	1440	0	0	0	0	0	43	0	0	0	0	0	0	0	0	0	0	0	0	43	0	0	0	0	0	0	0	0	0	0	0	43	86	0	43	0	86	0	0	0	301	0	0	0	0	0	4937	0	989	0	0	0	43	0	0	0	0	529	0	0	86	0	0	0	43	86	0	0	0	0	0	0	0	0	43	0	11876	0	2258	0	0	0	0	0	0	0	0	0	0	0	0	0	0	0	0	0	0	0	2376	0	0	0	0	0	0	0	0	0	477	0	0	0	0	0	0	0	0	0	0	0	43	0	0	0	0	0	0	0	0	0	0	86	0	0	0	0	0	0	0	0	0	357	0	0	0	0	0	0	0	0	0	0	0	0	0	1474	0	0	0	0	0	0	0	771	0	0	0	0	0	0
SRR23971423	0	0	0	43	86	421	395	0	0	0	215	86	3378	0	5688	0	0	0	258	0	86	0	3918	43	0	0	0	0	129	0	0	0	0	0	0	0	0	0	0	0	0	0	0	0	0	0	258	0	43	0	215	0	0	0	1079	0	40	0	0	0	2330	0	1099	0	0	0	0	0	0	0	0	2035	43	129	43	0	0	43	129	301	0	0	0	0	0	0	86	0	215	0	2184	0	2707	0	0	0	0	0	0	0	0	0	0	0	0	0	0	0	0	0	0	0	172	0	0	0	0	0	0	43	86	0	43	0	0	0	0	0	0	0	0	0	0	0	86	0	0	0	1846	0	0	0	0	0	0	344	0	0	0	0	0	0	0	0	0	0	0	0	0	0	0	0	0	0	0	0	0	0	0	1465	0	0	0	0	0	0	0	10930	0	128	0	0	0	0
SRR23971424	0	0	0	85	1429	157	3271	0	0	0	301	928	4719	0	9910	0	0	0	258	0	129	0	301	42	43	0	0	0	43	0	0	0	0	0	0	0	0	0	0	0	0	0	0	0	0	172	386	0	172	0	602	0	0	0	2058	0	0	0	0	0	12635	0	1045	0	0	0	0	0	0	43	86	4134	0	43	129	0	0	0	0	2897	0	0	0	0	0	0	43	0	43	0	13397	0	6840	0	0	0	0	0	0	0	0	0	0	0	0	0	0	0	0	0	0	0	215	43	0	0	0	0	0	2372	43	0	317	0	0	0	0	0	0	0	0	0	0	0	129	0	0	0	215	0	0	0	0	0	0	301	0	0	0	0	0	86	0	0	0	488	0	0	0	0	0	0	0	0	0	0	0	0	0	7599	0	0	0	86	0	0	0	1057	43	0	0	516	0	0
SRR23971425	0	0	0	129	256	278	1828	0	0	43	0	0	10025	0	12321	0	0	0	43	0	559	0	215	86	0	0	0	43	86	0	0	0	0	0	0	0	0	0	0	0	0	0	0	0	0	86	129	0	1414	0	344	0	0	0	516	0	0	0	0	0	7398	0	129	0	0	0	0	0	0	0	43	4109	0	0	43	0	0	0	43	301	0	0	0	43	0	0	104	0	0	0	2950	0	2647	0	0	0	0	0	0	0	0	0	0	0	0	0	0	0	0	0	0	0	43	0	0	0	0	0	0	401	0	0	0	43	0	0	0	0	0	0	0	0	0	0	0	0	0	0	407	0	0	0	0	0	0	86	0	0	0	0	0	0	0	0	0	86	0	0	0	0	0	0	0	0	0	43	0	0	0	4586	0	0	0	0	86	0	0	129	0	0	0	0	0	0
SRR23971426	0	0	0	576	0	232	645	0	0	0	0	0	1812	0	4089	0	0	86	0	0	3097	0	6050	0	0	0	0	0	0	0	0	0	0	0	0	0	0	0	0	0	0	0	0	0	0	0	3826	0	0	0	0	0	0	43	258	0	0	0	0	0	258	0	85	0	0	0	0	0	0	0	0	6535	0	0	559	0	0	0	0	0	0	0	0	0	0	0	0	0	0	0	3115	0	301	0	0	0	0	0	0	0	0	0	0	0	0	0	0	0	0	0	0	0	827	0	0	0	0	0	0	43	2257	0	0	0	0	0	0	0	0	0	0	544	0	0	0	0	0	0	86	0	0	0	0	0	0	86	0	0	0	0	0	0	0	43	0	0	0	0	0	0	0	0	0	43	0	0	0	0	0	13284	0	0	0	144	129	0	0	301	0	0	0	0	0	0
SRR23971427	0	0	0	0	2745	364	12220	0	0	0	0	86	602	0	2279	0	0	0	6811	0	0	0	0	287	0	2849	0	49	279	0	43	0	0	0	0	0	0	0	0	43	0	0	0	0	0	0	2841	0	2751	43	215	0	0	215	1761	86	5009	0	0	0	172	0	602	0	0	0	43	0	0	0	387	514	0	43	43	0	0	43	0	0	0	0	0	0	0	0	43	1202	1664	0	172	0	600	0	0	0	0	0	0	43	0	43	0	0	0	0	0	0	0	0	0	0	559	43	6532	0	0	0	0	11111	2204	0	0	0	0	0	0	274	0	1568	0	43	86	0	0	0	0	0	12509	0	0	0	0	0	0	215	0	43	0	0	0	0	0	0	0	0	0	0	0	0	0	0	0	0	0	43	41	0	0	4471	0	0	1136	1213	86	0	0	3571	0	0	0	0	0	0
SRR23971428	0	0	0	0	0	0	0	0	0	0	0	0	0	0	0	0	0	0	0	0	0	0	0	0	0	0	0	0	0	0	0	0	0	0	0	0	0	0	0	0	0	0	0	0	0	0	0	0	0	0	166	0	0	0	6502	0	0	0	0	0	0	0	0	0	0	0	0	0	0	0	0	93	0	0	0	0	0	0	0	0	0	0	0	0	0	0	0	0	0	0	0	0	0	0	0	0	0	0	0	0	0	0	0	0	0	0	0	0	0	0	0	0	0	0	0	0	0	0	0	0	0	0	0	0	0	0	0	186	0	93	0	0	0	0	0	0	0	0	1690	0	0	0	0	0	0	0	0	0	0	0	0	0	0	0	0	0	0	0	0	0	0	0	0	0	0	0	0	0	0	0	0	0	0	0	0	0	0	0	0	0	0	0	0	0
SRR23971429	0	0	0	0	0	0	0	0	0	0	0	0	0	0	220	0	0	0	0	0	0	0	0	0	0	0	0	0	0	0	0	0	0	0	0	0	186	0	0	0	0	0	0	0	0	0	0	0	0	0	0	0	0	0	6849	0	0	0	0	0	0	0	0	0	0	0	0	0	0	0	0	0	0	0	0	0	0	0	0	0	0	0	0	0	0	0	0	0	0	0	0	0	291	0	0	0	0	0	0	0	0	0	0	0	0	0	0	0	0	0	0	0	0	0	0	0	0	0	0	131	0	0	0	0	0	0	0	398	0	0	0	0	0	0	0	0	0	0	334	0	0	0	0	0	0	0	0	0	0	0	0	0	0	0	0	0	0	93	0	0	0	0	0	0	0	0	0	0	0	168	0	0	0	0	0	0	0	0	0	0	0	0	0	0
SRR23971430	0	0	0	0	0	0	93	0	0	0	0	0	0	0	3939	0	0	0	186	0	0	0	0	0	0	0	0	0	142	0	0	0	0	0	0	0	0	0	0	0	0	0	0	0	0	0	0	0	0	0	0	0	0	0	5049	0	0	0	0	0	0	0	279	0	0	0	0	0	0	0	0	645	0	0	0	0	0	0	0	0	0	0	0	0	0	0	0	0	0	0	0	0	563	0	0	0	0	0	0	0	0	0	0	0	0	0	0	0	0	0	0	0	151	0	0	0	0	0	0	0	0	0	0	0	0	0	0	372	0	0	0	0	0	0	0	0	0	0	248	0	0	0	0	0	0	0	0	0	0	0	0	0	0	0	0	0	0	0	0	0	0	0	0	0	0	0	0	0	0	1909	0	0	0	0	0	0	0	0	0	0	0	0	0	0
SRR23971431	0	0	93	0	0	0	0	0	0	0	0	3901	0	0	0	0	0	0	0	0	0	0	126	0	0	0	0	0	0	0	0	0	0	0	0	0	0	0	0	0	0	0	0	0	0	0	0	0	0	0	0	0	0	0	6861	0	0	0	0	0	0	0	0	0	0	0	0	170	198	0	0	0	0	2353	0	0	0	0	0	0	0	0	0	0	0	0	0	466	0	0	0	0	0	0	0	0	0	0	0	0	0	0	0	0	0	0	0	0	0	0	0	0	0	0	0	0	0	0	0	0	0	0	0	0	0	0	0	0	0	0	0	0	0	0	0	0	0	0	0	0	0	0	0	0	0	0	0	0	0	185	0	0	181	0	0	0	0	0	0	0	0	0	0	0	0	0	0	0	0	0	0	0	0	0	0	0	0	0	0	0	0	0	0	0
SRR23971432	0	0	0	0	0	0	0	0	0	0	0	1950	0	0	0	0	0	4661	0	961	0	0	0	0	0	0	0	0	0	0	0	0	0	0	0	0	0	0	0	0	0	0	0	0	186	0	0	0	0	0	0	0	0	0	3819	0	0	0	0	0	0	0	0	0	0	0	0	0	0	0	0	0	0	0	465	0	0	0	0	0	0	0	0	0	0	0	0	1071	0	0	0	0	0	0	0	139	0	0	0	0	2505	0	0	0	0	0	0	0	0	0	0	0	0	0	0	0	0	0	0	0	0	0	0	0	0	0	0	0	0	0	0	0	0	0	0	0	0	0	0	0	0	0	0	0	0	0	0	0	0	0	0	0	279	0	0	0	0	0	0	0	0	0	0	0	0	0	0	0	0	0	0	0	0	0	0	0	0	0	0	0	0	2776	0	249
SRR23971433	0	0	0	0	0	0	0	0	0	0	0	2045	1304	0	558	0	0	0	3936	0	0	0	0	0	0	0	0	0	0	0	0	0	0	0	0	0	0	0	0	0	0	0	0	0	0	0	0	0	0	0	0	0	0	0	282	0	0	0	0	0	0	0	1506	0	0	0	0	0	0	0	0	0	0	0	0	0	0	0	0	0	0	0	0	186	0	0	0	186	0	0	0	0	6007	0	0	0	0	0	0	0	0	0	0	0	0	0	0	0	0	0	0	0	0	0	0	0	0	0	0	0	0	0	0	0	0	0	0	0	0	0	0	0	0	0	0	0	0	0	0	0	0	0	0	0	0	0	0	0	0	0	0	0	0	0	0	0	0	0	0	0	0	0	0	0	0	0	0	0	0	6788	0	0	0	0	0	0	0	0	0	93	0	0	0	0
SRR23971434	0	0	0	0	162	586	0	0	0	0	0	1215	0	0	0	0	0	0	0	0	0	0	0	0	0	0	0	0	392	0	0	0	0	0	0	0	0	0	0	0	301	0	0	0	0	0	0	0	0	0	186	0	0	0	186	0	0	0	0	0	0	0	0	0	0	0	0	0	0	0	0	0	0	0	177	0	0	0	0	0	0	0	0	0	0	0	0	0	0	0	0	0	0	0	0	0	0	0	0	0	0	0	0	0	0	0	0	0	0	0	0	0	0	0	0	0	0	0	0	0	0	0	0	0	0	0	0	0	0	0	0	0	0	0	0	0	0	0	0	0	0	0	0	0	0	0	0	0	0	0	0	0	0	0	0	0	0	0	0	0	0	0	0	0	0	0	0	0	0	0	0	0	0	0	0	0	0	0	0	186	0	0	0	0
SRR23971435	0	0	0	0	0	0	0	0	0	0	0	1931	0	0	0	0	0	0	0	0	0	0	0	0	0	0	0	0	6660	0	0	0	0	0	0	0	0	0	0	0	0	0	0	0	0	0	0	0	0	0	12442	0	0	0	8662	0	0	0	0	0	0	0	0	0	0	0	0	0	0	0	0	0	0	155	0	0	0	0	0	0	0	0	0	0	0	0	0	279	0	0	0	0	0	0	0	0	0	0	0	0	0	0	0	0	0	0	0	0	0	0	0	0	0	0	0	0	0	0	0	0	0	0	0	0	0	0	0	0	0	0	0	0	0	0	0	0	0	0	0	0	0	0	0	0	0	0	0	0	0	0	0	0	0	0	0	0	0	0	0	0	0	0	0	0	0	0	0	0	0	186	0	0	0	0	0	0	0	0	1217	0	0	0	0	0
SRR23971436	0	0	0	0	0	0	0	0	0	0	0	0	0	0	0	0	0	0	0	0	0	0	0	0	0	0	0	0	0	0	0	0	0	0	0	0	0	0	0	0	0	0	0	0	0	0	0	0	0	0	0	0	0	0	3524	0	0	0	0	0	0	0	0	0	0	0	0	0	0	0	0	0	0	0	0	0	0	0	93	0	0	0	0	0	0	0	0	0	0	0	0	0	93	0	0	0	0	0	0	0	0	0	0	0	0	0	0	0	0	0	0	0	0	0	0	0	0	0	0	0	0	0	0	0	0	0	0	0	0	0	0	0	0	0	0	0	0	0	0	0	0	0	0	0	0	0	0	0	0	0	0	0	0	0	0	0	0	0	0	0	0	0	0	0	0	0	0	0	0	428	0	0	0	0	0	0	0	0	0	0	0	0	0	0
SRR23971437	0	0	0	0	0	0	0	0	0	0	0	0	0	0	0	0	0	0	0	0	0	0	0	0	0	0	0	0	0	0	0	0	0	0	0	0	0	0	0	0	0	0	0	0	0	0	0	0	0	0	170	0	0	0	0	0	0	0	0	0	0	0	0	0	0	0	0	0	0	0	0	0	0	0	0	0	0	0	0	0	0	0	0	0	0	0	0	0	0	0	0	0	0	0	0	0	0	0	0	0	0	0	0	0	0	0	0	0	0	0	0	0	0	0	0	0	0	0	0	0	0	0	0	0	0	0	0	0	0	0	0	0	0	0	0	0	0	0	0	0	0	0	0	0	0	0	0	0	0	0	0	0	0	0	0	0	0	0	0	0	0	0	0	0	0	0	0	0	0	0	0	0	0	0	0	0	0	0	0	0	0	0	0	0
SRR23971438	0	0	0	0	0	0	0	0	0	0	0	0	0	0	0	0	0	0	0	0	0	0	0	0	0	0	0	0	0	0	0	0	0	0	0	0	0	0	0	0	0	0	0	0	0	0	0	0	0	0	0	0	0	0	658	0	0	0	0	0	0	0	0	0	0	0	0	0	0	0	0	0	0	0	0	0	0	0	0	0	0	0	0	0	0	0	0	0	0	0	0	0	0	0	0	0	0	0	0	0	0	0	0	0	0	0	0	0	0	0	0	0	0	0	0	0	0	0	0	0	0	0	0	0	0	0	0	0	0	0	0	0	0	0	0	0	0	0	0	0	0	0	0	0	0	0	0	0	0	0	0	0	0	0	0	0	0	0	0	0	0	0	0	0	0	0	0	0	0	0	0	0	0	0	0	0	0	0	0	0	0	0	0	0
SRR23971439	0	0	0	0	0	0	0	0	0	0	0	0	0	0	0	0	0	0	0	0	0	0	0	0	0	0	0	0	0	0	0	0	0	0	0	0	0	0	0	0	0	0	0	0	0	0	0	0	0	0	0	0	0	0	215	0	0	0	0	0	0	0	0	0	0	0	0	0	0	0	0	0	0	0	0	0	0	0	0	0	0	0	0	0	0	0	0	0	0	0	0	0	0	0	0	0	0	0	0	0	0	0	0	0	0	0	0	0	0	0	0	0	0	0	0	0	0	0	0	0	0	0	0	0	0	0	0	0	0	0	0	0	0	0	0	0	0	0	0	0	0	0	0	0	0	0	0	0	0	0	0	0	0	0	0	0	0	0	0	0	0	0	0	0	0	0	0	0	0	0	0	0	0	0	0	0	0	0	0	0	0	0	0	0
SRR23971440	0	0	0	0	0	0	0	0	0	0	0	0	0	0	0	0	0	0	0	0	0	0	0	0	0	0	0	0	0	0	0	0	0	0	0	0	0	0	0	0	0	0	0	0	0	0	0	0	0	0	0	0	0	0	0	0	0	0	0	0	0	0	0	0	0	0	0	0	0	0	0	0	0	0	0	0	0	0	0	0	0	0	0	0	0	0	0	0	0	0	0	0	0	0	0	0	0	0	0	0	0	0	0	0	0	0	0	0	0	0	0	0	0	0	0	0	0	0	0	0	0	0	0	0	0	0	0	0	0	0	0	0	0	0	0	0	0	0	153	0	0	0	0	0	0	0	0	0	0	0	0	0	0	0	0	0	0	0	0	0	0	0	0	0	0	0	0	0	0	0	0	0	0	0	0	0	0	0	0	0	0	0	0	0
SRR23971441	0	0	0	0	0	0	0	0	0	0	0	0	0	0	0	0	0	0	0	0	0	0	0	0	0	0	0	0	0	0	0	0	0	0	0	0	0	0	0	0	0	0	0	0	0	0	0	0	0	0	0	0	0	0	0	0	0	0	0	0	0	0	0	0	0	0	0	0	0	0	0	0	0	0	0	0	0	0	0	0	0	0	0	0	0	0	0	0	0	0	0	0	122	0	0	0	0	0	0	0	0	0	0	0	0	0	0	0	0	0	0	0	0	0	0	0	0	0	0	0	0	0	0	0	0	0	0	0	0	0	0	0	0	0	0	0	0	0	0	0	0	0	0	0	0	0	0	0	0	0	0	0	0	0	0	0	0	0	0	0	0	0	0	0	0	0	0	0	0	0	0	0	0	0	0	0	0	0	0	0	0	0	0	0
SRR23971442	0	0	0	0	0	0	0	0	0	0	0	0	0	0	0	0	0	0	0	0	0	0	0	0	0	0	0	0	0	0	0	0	0	0	0	0	0	0	0	0	0	0	0	0	0	0	0	0	0	0	0	0	0	0	0	0	0	0	0	0	0	0	362	0	0	0	0	0	0	0	0	148	0	0	0	0	0	0	0	0	0	0	0	0	0	0	0	0	0	0	0	0	0	0	0	0	0	0	0	0	0	0	0	0	0	0	0	0	0	0	0	0	0	0	0	0	0	0	0	0	0	0	0	0	0	0	0	0	0	0	0	0	0	0	0	0	0	0	0	0	0	0	0	0	0	126	0	0	0	0	0	0	0	0	0	0	0	0	0	0	0	0	0	0	0	0	0	0	0	173	0	0	0	0	0	0	0	0	0	0	0	0	0	0
SRR23971443	0	0	0	0	0	0	0	0	0	0	0	0	0	0	153	0	0	0	0	0	0	0	0	0	0	0	0	0	0	0	0	0	0	0	0	0	0	0	0	0	0	0	0	0	0	0	0	0	0	0	0	0	0	0	0	0	0	0	0	0	0	0	0	0	0	0	0	0	0	0	0	0	0	0	0	0	0	0	0	0	0	0	0	0	0	0	0	0	0	0	0	0	162	0	0	0	0	0	0	0	0	0	0	0	0	0	0	0	0	0	0	0	0	0	0	0	0	0	0	0	0	0	0	0	0	0	0	0	0	0	0	0	0	0	0	0	0	0	0	0	0	0	0	0	0	0	0	0	0	0	0	0	0	0	0	0	0	0	0	0	0	0	0	0	0	0	0	0	0	173	0	0	0	0	0	0	0	0	0	0	0	0	0	0
SRR23971444	0	0	0	0	0	0	0	0	0	0	0	0	0	0	186	0	0	0	0	0	0	0	0	0	0	0	0	0	0	0	0	0	0	0	0	0	0	0	0	0	0	0	0	0	0	0	0	0	186	0	0	0	0	0	186	0	0	0	0	0	523	0	139	0	0	0	0	0	0	0	0	0	0	0	0	0	0	0	0	0	0	0	0	0	0	0	0	0	0	0	0	0	4504	0	0	0	0	0	0	0	0	0	0	0	0	0	0	0	0	0	0	0	0	0	0	0	0	0	0	0	0	0	0	0	0	0	0	0	0	0	0	0	0	0	0	0	0	0	0	0	0	0	0	0	0	0	0	0	0	0	0	0	0	0	0	0	0	0	0	0	0	0	0	0	0	0	0	0	0	3372	0	0	0	0	0	0	0	0	0	0	0	0	0	0
SRR23971445	0	0	0	0	0	0	0	0	0	0	0	0	0	0	93	0	0	0	0	0	0	0	0	0	0	0	0	0	0	0	0	0	0	0	0	0	0	0	0	0	0	0	0	0	0	0	0	0	283	0	93	0	0	0	0	0	0	0	0	0	0	0	140	0	0	0	0	0	0	0	0	0	0	0	0	0	0	0	0	0	0	0	0	0	0	0	0	0	0	0	136	0	282	0	0	0	0	0	0	0	0	0	0	0	0	0	0	0	0	0	0	0	0	0	0	0	0	0	0	0	0	0	0	0	0	0	0	0	0	0	0	0	0	0	0	0	0	0	0	0	0	0	0	0	0	0	0	0	0	0	0	0	0	0	0	0	0	0	0	0	0	0	0	0	0	0	0	0	0	0	0	0	0	0	0	0	0	186	0	0	0	0	0	0
SRR23971446	0	0	0	0	0	43	86	0	0	0	0	0	43	0	43	0	0	0	0	0	129	0	0	0	0	0	0	0	0	0	0	0	0	0	0	0	0	0	0	0	0	0	0	0	0	0	0	0	0	0	43	0	0	43	0	0	0	0	0	0	0	0	0	0	0	0	0	0	0	0	0	0	0	0	0	0	0	86	129	0	0	0	0	0	0	0	0	0	0	0	0	0	408	0	0	0	0	0	0	0	0	0	0	0	0	0	0	0	0	0	0	0	0	0	0	0	0	0	0	43	86	0	0	0	0	0	0	0	0	0	0	0	86	0	0	0	0	0	129	0	0	0	0	0	0	0	0	0	0	0	0	0	0	0	0	0	43	0	0	0	43	0	0	0	0	0	0	0	0	129	0	0	0	108	0	0	0	0	0	0	0	0	0	0
SRR23971447	0	0	0	0	0	0	0	0	0	0	0	0	812	0	0	0	0	0	0	0	0	0	0	0	0	0	0	0	0	0	0	0	0	0	0	0	0	0	0	0	0	0	0	0	0	0	0	0	0	0	186	0	0	0	108	0	0	0	0	0	178	0	321	0	0	0	0	0	0	0	0	186	0	0	0	0	0	0	0	0	0	0	0	0	0	0	0	0	0	0	0	0	540	0	0	0	0	0	0	0	0	0	0	0	0	0	0	0	0	0	0	0	0	0	0	0	0	0	0	0	0	0	0	0	0	0	0	0	0	0	0	0	0	0	0	0	0	0	0	0	0	0	0	0	0	125	0	0	0	0	0	0	0	0	0	0	0	0	0	0	0	0	0	0	0	0	0	0	0	104	0	0	0	0	0	0	0	0	0	0	0	0	0	0
SRR23971448	0	0	0	0	43	239	5238	0	43	0	0	129	0	84	43	0	0	0	301	0	0	0	0	40	0	86	43	0	301	0	0	0	0	0	0	0	0	0	0	0	0	0	0	0	0	43	12762	0	86	43	43	0	0	12250	9477	0	1377	0	0	0	172	0	357	0	0	0	0	0	0	0	6589	0	4366	0	86	0	0	43	43	0	0	1920	0	0	0	43	0	129	0	0	0	481	3741	0	0	0	0	0	0	0	43	0	0	0	0	344	0	0	0	0	0	0	6525	115	170	510	0	0	0	833	0	0	0	0	0	0	0	173	0	1430	0	0	43	0	0	0	0	0	12209	0	0	0	0	0	0	86	0	43	0	663	0	0	43	0	0	0	0	0	0	0	0	0	0	0	86	0	0	0	0	4959	0	0	0	0	86	0	0	43	0	0	0	171	0	0
SRR23971449	0	0	0	1754	0	158	5754	0	0	86	172	86	6124	129	11533	0	0	129	43	0	2790	0	787	0	43	0	0	0	86	0	0	0	0	0	0	0	86	0	0	0	0	0	0	0	0	1579	86	0	172	86	258	0	0	0	599	0	0	0	0	0	13671	0	678	0	0	0	0	0	43	0	86	2770	0	0	172	0	0	86	43	9066	0	0	0	0	0	0	172	0	2217	0	8752	0	13299	0	0	0	0	0	0	0	43	0	0	0	0	0	0	0	0	0	0	0	662	0	0	0	0	0	0	399	513	0	47	129	0	0	0	43	0	0	0	43	0	0	8348	0	0	0	7156	275	0	0	0	172	0	430	0	0	43	0	0	350	0	0	0	43	0	0	0	0	0	0	0	0	0	0	0	0	0	12442	0	0	0	0	301	0	0	476	0	645	42	0	86	0
SRR23971450	0	0	0	688	43	284	1346	0	0	0	43	0	4121	0	4481	0	0	0	215	0	202	0	129	0	43	0	0	0	0	0	0	0	0	0	0	0	0	0	0	0	43	0	0	0	0	661	554	0	4517	0	645	43	0	0	1309	0	0	0	0	0	3827	0	1487	0	0	43	43	0	0	0	0	3238	0	0	43	0	0	0	0	3784	0	0	0	0	0	0	43	0	86	0	2801	0	5364	0	0	0	0	0	0	0	0	0	0	0	0	0	0	0	0	0	0	0	472	0	0	0	0	0	0	129	0	0	43	0	0	0	0	0	0	0	0	0	0	0	0	0	0	0	129	0	0	0	0	129	0	832	0	0	0	43	0	0	0	0	0	0	129	0	0	0	0	0	0	0	0	0	0	0	0	5982	0	0	0	0	0	0	0	837	0	43	0	0	86	0
SRR23971451	0	0	0	344	172	157	1790	0	0	0	0	43	6049	0	5853	0	0	0	0	0	941	0	3413	0	0	0	0	0	0	0	0	0	0	0	0	0	43	0	0	0	0	0	0	0	0	43	215	0	0	495	258	0	0	0	4235	0	0	0	0	0	832	0	4250	0	0	0	0	0	0	0	0	9370	43	0	43	0	0	0	0	43	0	0	0	0	0	0	154	0	0	0	5261	0	5046	0	0	0	0	0	0	0	0	0	0	0	0	0	0	0	0	0	0	0	86	0	0	0	0	0	0	0	0	0	0	0	0	0	0	0	0	0	0	0	0	0	0	0	0	0	129	0	0	0	0	0	0	1698	0	0	0	43	0	0	0	0	0	86	0	0	0	0	0	0	0	0	0	43	0	0	0	5809	0	0	0	0	43	0	0	43	0	0	0	931	0	0
SRR23971452	0	0	0	0	0	0	0	0	0	0	0	0	186	0	186	0	0	0	0	0	0	0	0	0	0	0	0	0	0	0	0	0	0	0	0	0	0	0	0	0	0	0	0	0	0	0	0	0	0	0	0	0	0	0	0	0	0	0	0	0	0	0	0	0	0	0	0	0	0	0	0	341	0	0	0	0	0	0	0	0	0	0	0	0	0	0	0	0	186	0	93	0	1619	0	0	0	0	0	0	0	0	0	0	0	0	0	0	0	0	0	0	0	0	0	0	0	0	0	0	0	0	0	0	0	0	0	0	0	0	0	0	0	0	0	0	0	0	0	0	0	0	0	0	0	0	153	0	0	0	0	0	0	0	0	0	0	0	0	0	0	0	0	0	0	0	0	0	0	0	0	0	0	0	0	0	0	0	0	0	0	0	0	0	0
SRR23971453	0	0	0	43	0	145	1909	0	0	0	0	0	514	0	12686	0	0	0	0	0	1794	0	0	0	0	0	0	0	0	0	0	0	0	0	0	0	0	0	0	0	0	0	0	0	0	0	0	0	43	0	86	0	0	0	731	0	0	0	0	0	817	0	172	0	0	0	0	0	0	0	0	1070	0	0	0	0	0	0	43	0	0	0	0	0	0	0	0	0	0	0	730	0	535	0	0	0	0	0	0	0	0	0	0	0	0	0	0	0	0	0	0	0	43	0	0	0	0	0	0	0	0	0	0	0	0	0	0	0	0	0	0	45	0	0	0	0	0	0	430	0	0	43	0	0	0	517	0	0	0	0	0	0	0	0	0	0	0	0	0	0	0	0	0	0	0	0	0	0	0	2560	0	0	0	0	0	0	0	0	0	0	0	0	0	0
SRR23971454	0	0	0	12899	0	250	129	0	0	43	0	0	978	0	2104	0	0	0	43	0	0	0	0	0	0	0	0	0	0	0	0	0	0	0	0	0	0	0	0	0	0	0	0	0	0	129	440	0	558	0	129	0	0	0	326	0	43	0	0	0	562	0	565	0	0	0	0	0	0	0	0	1687	0	0	0	0	0	0	0	0	0	0	0	0	0	0	43	0	43	0	563	0	1323	0	0	0	0	0	0	0	0	0	0	0	0	0	0	86	0	0	0	0	43	0	0	0	0	0	0	0	86	0	0	0	0	0	0	0	0	0	0	43	0	0	172	0	0	0	1548	0	0	0	0	43	0	129	0	0	0	43	0	0	0	0	0	0	43	0	0	0	0	0	0	0	0	0	0	0	0	2242	0	0	0	0	0	0	0	3279	0	0	0	0	1024	0
SRR23971455	0	0	0	0	0	0	0	0	0	0	0	2009	0	6575	351	0	0	0	0	0	0	0	0	0	0	0	0	0	0	0	0	0	0	0	0	0	0	0	0	0	0	0	0	0	0	0	0	0	0	0	0	0	0	0	3647	0	0	0	0	0	0	0	0	0	0	0	0	0	0	0	0	0	0	0	0	0	499	0	0	0	0	0	0	0	0	0	0	366	0	0	0	0	0	0	0	0	0	0	0	0	0	0	0	0	0	0	0	0	0	0	0	0	0	0	0	0	0	0	0	139	0	0	0	0	0	0	0	0	0	0	0	0	0	0	0	0	0	0	0	0	0	0	0	0	0	0	0	0	0	186	0	0	0	0	0	0	0	0	0	0	0	0	0	0	0	0	0	0	0	0	0	0	0	0	0	0	0	0	0	0	0	0	0	0
SRR23971456	0	0	0	0	0	93	3071	0	0	0	0	93	0	0	105	0	0	0	165	0	0	0	0	0	0	153	0	0	118	0	0	0	0	0	0	0	0	0	0	0	0	0	0	0	0	0	0	0	4207	0	183	0	0	885	279	0	0	0	0	0	0	0	0	0	0	0	0	0	0	0	0	186	0	0	0	0	0	0	0	0	0	0	0	0	0	0	0	270	0	0	0	0	186	0	0	0	0	0	0	0	0	0	0	0	0	0	0	0	0	0	0	0	0	0	0	0	0	0	0	337	0	0	0	0	0	0	0	0	0	0	0	0	0	0	0	0	0	0	4234	0	0	0	0	0	0	0	0	143	0	0	0	0	0	0	0	0	0	0	0	0	0	0	0	0	0	0	0	0	0	1076	0	0	0	0	0	0	0	186	0	0	0	146	0	0
SRR23971457	0	0	93	0	93	0	0	0	0	0	0	0	0	0	0	0	0	0	0	0	0	0	0	0	0	0	0	0	372	0	0	0	0	0	0	0	0	0	0	0	0	0	0	0	0	0	0	0	0	0	0	0	0	0	1336	0	0	0	0	0	0	0	240	0	0	0	0	186	0	0	0	0	0	186	186	0	0	0	370	0	0	0	0	0	0	0	0	0	0	0	0	0	749	0	0	0	0	0	0	0	0	0	0	0	0	0	0	0	0	0	0	0	0	0	0	0	0	0	0	0	0	0	0	0	0	0	0	0	0	0	0	0	0	0	0	0	0	0	0	0	0	0	0	0	0	0	0	0	0	0	0	0	0	0	0	0	0	0	0	0	0	0	0	0	0	0	0	0	0	444	0	0	0	0	0	0	0	0	0	0	0	0	0	0
SRR23971458	0	0	0	0	0	0	0	0	0	0	0	0	0	0	0	0	0	0	0	0	0	0	0	0	0	0	0	0	0	0	0	0	0	0	0	0	0	0	0	0	0	0	0	0	0	0	0	0	0	0	93	0	0	0	402	0	0	0	0	0	0	0	0	0	0	0	0	0	0	0	0	0	0	0	0	0	0	0	0	0	0	0	0	0	0	0	0	0	0	0	0	0	0	0	0	0	0	0	0	0	0	0	0	0	0	0	0	0	0	0	0	0	0	0	0	0	0	0	0	0	0	0	0	0	0	0	0	0	0	0	0	0	0	0	0	0	0	0	0	0	0	0	0	0	0	0	0	0	0	0	0	0	0	0	0	0	0	0	0	0	0	0	0	0	0	0	0	0	0	0	0	0	0	0	0	0	0	0	0	0	0	0	0	0
SRR23971459	0	0	0	0	0	0	0	0	0	0	0	0	0	0	186	0	0	0	0	0	0	0	0	0	0	0	0	0	0	0	0	0	0	0	0	0	0	0	0	0	0	0	0	0	0	0	0	0	0	0	223	0	0	0	1243	0	0	0	0	0	0	0	0	0	0	0	0	0	0	0	0	0	0	0	186	0	0	0	0	0	0	0	0	186	0	0	0	0	0	0	0	0	0	0	0	0	0	0	0	0	0	0	0	0	0	0	0	0	0	0	0	0	0	0	0	0	0	0	0	0	0	0	0	0	0	0	0	0	0	0	0	0	0	0	0	0	0	0	0	0	0	0	0	0	0	0	0	0	0	0	0	0	0	0	0	0	0	0	0	0	0	0	0	0	0	0	0	0	0	0	0	0	0	0	0	0	0	0	0	0	0	0	0	0
SRR23971460	0	0	0	0	0	340	0	0	0	0	0	0	0	0	0	0	0	0	0	0	0	0	0	0	0	0	0	0	0	0	0	0	0	0	0	0	0	0	0	0	0	0	0	0	0	0	0	0	0	0	186	0	0	0	4966	0	0	0	0	0	0	0	0	0	0	0	0	0	0	0	0	0	0	0	0	0	0	0	0	0	0	0	0	0	0	0	0	0	0	0	0	0	159	0	0	0	0	0	0	0	0	0	0	0	0	0	0	0	0	0	0	0	0	0	0	0	0	0	0	0	0	0	0	0	0	0	0	0	0	0	0	0	0	0	0	0	0	0	0	0	0	0	0	0	0	0	0	0	0	0	0	0	0	0	0	0	0	0	0	0	0	0	0	0	0	0	0	0	0	0	0	0	0	0	0	0	0	0	0	0	0	0	0	0
SRR23971461	0	43	86	0	199	442	10168	0	0	0	43	1161	1133	215	1087	0	0	86	3320	86	0	0	0	172	43	671	0	0	387	0	43	0	0	0	0	0	43	0	0	0	43	0	0	0	0	172	1131	0	10730	0	1208	0	43	12178	5313	86	43	0	0	43	602	0	1461	0	0	0	0	0	0	43	602	317	0	0	86	0	0	43	43	0	0	1489	0	0	0	0	43	1202	43	0	129	0	2246	0	0	0	43	0	0	43	0	0	0	0	0	215	0	43	0	0	0	0	301	0	84	0	0	0	0	2442	86	0	0	0	0	0	0	191	0	7254	0	0	129	0	43	0	0	43	12012	0	0	0	0	85	86	43	0	86	0	645	0	0	0	0	0	0	43	43	0	0	387	0	0	0	0	0	0	0	0	8345	0	0	0	1186	2447	0	43	0	0	0	0	0	0	0
SRR23971462	0	0	0	0	0	0	0	0	0	0	0	0	0	0	0	0	0	0	0	0	0	0	0	0	0	0	0	0	0	0	0	0	0	0	0	0	0	0	0	0	0	0	0	0	0	0	0	0	0	0	0	0	0	0	0	0	0	0	0	0	0	0	0	0	0	0	0	0	0	0	0	0	0	0	0	0	0	0	0	0	0	0	0	0	0	0	0	0	0	0	0	0	0	0	0	0	0	0	0	0	0	0	0	0	0	0	0	0	0	0	0	0	0	0	0	0	0	0	0	0	0	0	0	0	0	0	0	0	0	0	0	0	0	0	0	0	0	0	0	0	0	0	0	0	0	0	0	0	0	0	0	0	0	0	0	0	0	0	0	0	0	0	0	0	0	0	0	0	0	0	0	0	0	0	0	0	0	0	0	0	0	0	0	0
SRR23971463	0	0	0	0	43	365	215	42	0	0	0	129	1097	0	557	0	0	0	335	0	344	0	0	0	0	0	0	0	0	0	0	0	43	0	0	0	0	0	0	0	0	0	0	0	0	0	0	0	344	0	215	0	0	0	301	0	0	0	0	0	772	0	430	0	0	0	0	0	0	0	1871	6226	0	0	0	0	0	0	0	0	0	0	0	0	0	0	0	0	258	0	945	0	5614	0	0	0	0	0	0	0	0	0	0	0	0	0	0	0	0	0	0	0	301	0	0	43	0	0	0	86	129	0	0	0	0	0	0	0	0	0	0	0	0	0	0	0	0	0	172	0	0	0	0	0	0	990	0	0	0	0	0	0	0	0	43	0	129	0	0	0	0	0	0	0	0	0	0	0	0	1532	0	0	0	344	0	0	0	0	0	0	0	0	0	0
SRR23971464	0	0	0	43	86	300	3545	86	0	0	0	0	4621	0	1539	0	43	43	0	0	2533	0	0	86	0	0	43	0	0	0	0	0	86	0	0	0	430	0	0	0	0	0	0	0	0	0	214	0	8054	43	344	0	0	43	946	0	0	0	0	0	4731	0	2536	0	0	0	0	515	0	0	1567	8291	0	86	0	0	0	0	43	0	0	0	0	0	0	0	43	129	809	0	1570	0	7166	0	0	0	0	0	0	0	0	0	0	0	0	0	0	0	0	0	0	43	3797	43	0	0	43	0	0	215	0	0	0	86	0	0	0	0	0	86	0	0	0	0	43	0	0	0	516	0	0	0	0	0	0	4327	86	0	86	52	0	0	0	0	0	0	344	0	0	0	0	0	0	0	0	43	0	0	0	3827	0	0	0	43	0	0	0	167	0	0	0	0	0	0
SRR23971465	0	0	0	0	430	0	86	43	0	0	0	0	445	0	1135	0	43	0	86	0	645	0	0	0	0	0	0	0	470	0	0	0	811	0	0	816	0	0	0	0	0	0	0	0	0	0	344	0	86	0	0	0	0	0	559	0	0	0	0	0	3235	0	10984	0	0	0	0	0	0	0	860	6853	0	43	0	0	0	0	0	0	0	0	0	0	0	0	43	0	86	0	1353	0	12820	0	0	0	0	0	0	0	0	0	0	0	0	0	0	0	0	0	0	0	1149	0	0	215	0	430	0	0	0	0	0	0	0	0	0	0	0	172	0	0	0	0	86	0	0	0	301	0	0	0	0	0	0	8626	0	0	0	0	0	0	0	0	0	0	172	0	0	0	0	0	0	0	0	211	0	0	0	1442	0	0	0	0	0	0	0	0	0	0	0	0	0	0
SRR23971466	0	0	43	0	0	129	0	86	0	0	0	0	473	0	129	0	0	0	0	0	0	0	0	0	0	0	0	0	0	0	0	0	86	0	0	0	0	0	0	0	0	0	0	0	0	0	0	0	5769	0	43	0	0	0	172	0	0	0	0	0	301	0	5332	0	0	0	0	0	0	0	387	8350	0	0	0	0	0	0	0	0	0	0	0	0	0	0	59	0	43	0	640	0	9441	0	0	0	0	0	0	0	0	0	0	0	0	0	0	0	0	0	0	0	43	0	0	0	0	0	0	43	0	0	0	0	0	0	0	0	0	0	0	0	0	0	0	0	0	0	0	0	0	0	0	0	0	4120	86	0	0	0	0	0	0	0	0	0	0	0	0	0	0	0	0	0	0	172	0	0	0	129	0	0	0	0	0	0	8671	942	0	43	0	0	0	0
SRR23971467	0	0	0	0	0	422	0	0	0	0	0	0	43	0	347	0	0	0	0	0	0	0	0	0	0	0	0	0	0	0	0	0	0	0	0	0	0	0	0	0	0	0	0	0	0	0	0	0	461	0	644	0	0	0	86	0	0	0	0	0	86	0	723	0	0	0	0	0	0	0	172	626	0	93	0	0	0	0	0	0	0	0	0	0	0	0	0	0	0	0	0	0	4599	0	0	0	0	0	0	0	0	0	0	0	0	0	0	0	0	0	0	0	0	0	0	0	0	0	0	0	0	0	0	0	0	0	0	0	0	0	0	0	0	0	0	0	0	0	0	0	0	0	0	0	0	773	0	0	0	0	0	0	0	0	0	0	1368	0	0	0	0	0	0	0	0	0	0	0	0	43	0	0	0	43	0	0	43	43	0	0	0	0	0	0
SRR23971468	0	0	0	215	0	401	859	172	0	86	43	0	5954	43	1386	0	43	0	300	0	301	0	0	43	86	0	0	0	86	0	0	0	129	0	0	0	43	0	0	0	0	0	0	0	0	258	83	0	2318	86	1090	0	0	86	2484	0	0	43	0	0	5391	0	3776	0	0	0	0	0	0	0	2229	11397	43	809	129	0	0	0	1119	0	0	0	0	0	0	0	61	129	885	0	7285	0	12369	0	0	0	0	0	0	0	170	0	0	0	0	0	0	0	0	0	0	0	1291	0	214	43	0	0	0	344	0	0	41	0	0	43	0	0	0	0	0	0	43	0	342	0	0	0	258	1211	0	0	559	86	43	8308	0	0	0	43	0	0	0	0	0	0	1979	1139	0	0	0	0	0	0	0	344	0	0	0	12431	0	0	0	98	0	0	10550	11826	0	0	0	0	0	0
SRR23971469	0	0	0	0	43	373	10949	0	0	43	0	86	43	0	788	0	0	0	516	0	0	0	0	86	0	129	0	0	86	0	43	0	0	0	0	0	0	0	0	0	0	0	0	0	0	0	258	0	688	0	129	43	0	645	12735	43	0	0	0	0	0	0	172	0	0	0	0	0	0	0	215	0	0	0	0	0	0	0	0	0	0	0	0	0	0	0	0	344	0	0	0	0	339	0	0	0	0	0	0	0	0	0	0	0	0	258	0	0	0	0	0	0	939	172	0	0	0	0	0	475	0	0	0	0	0	0	0	97	0	258	0	0	0	0	0	0	0	0	11937	0	0	0	0	43	0	129	0	43	0	43	0	0	0	0	0	0	43	0	0	0	0	0	0	0	0	0	0	0	0	1021	0	0	0	0	43	0	0	0	0	0	0	0	0	0
SRR23971470	0	0	0	0	0	206	482	0	0	0	0	0	0	0	0	0	0	0	43	0	0	0	0	0	0	0	0	0	0	0	0	0	0	0	0	0	0	0	0	0	0	0	0	0	0	0	1952	0	129	0	43	0	0	0	752	0	0	0	0	0	0	0	215	0	0	0	0	0	0	0	0	0	0	0	0	0	0	0	0	0	0	0	0	0	0	0	0	0	0	0	0	0	86	0	0	0	0	0	0	0	0	0	0	0	0	0	0	0	0	0	0	0	215	0	43	0	0	0	0	43	0	0	0	0	0	0	0	0	0	175	0	0	0	0	0	0	0	0	1805	0	0	0	0	0	0	0	0	0	0	0	0	0	0	0	0	0	0	0	0	0	0	0	0	0	0	0	0	0	0	623	0	0	0	0	0	0	0	0	0	0	0	0	0	0
SRR23971471	0	0	0	0	129	102	2275	0	0	0	0	0	0	0	43	0	0	0	0	0	0	0	0	0	0	0	0	0	0	0	0	0	0	0	0	0	0	0	0	0	0	0	0	0	0	0	86	0	129	0	0	0	0	0	680	0	0	0	0	0	0	0	43	0	0	0	0	0	0	0	43	0	0	0	0	0	0	0	43	0	0	0	0	0	0	0	0	86	0	0	0	0	309	0	0	0	0	0	0	0	0	0	0	0	0	0	0	0	0	0	0	0	2736	0	0	0	0	0	0	0	428	0	0	0	0	0	0	86	0	0	0	48	0	0	0	0	0	0	6252	0	0	0	0	0	0	86	0	0	0	86	0	0	0	0	0	0	43	0	0	0	0	0	0	0	0	0	0	0	0	301	0	0	0	0	43	0	0	0	0	0	0	0	0	0
SRR23971472	0	0	0	0	0	0	344	0	0	0	0	0	43	0	0	0	0	0	0	0	0	0	0	0	0	0	0	0	0	0	0	0	0	0	0	0	0	0	0	0	0	0	0	0	0	0	86	0	43	0	0	0	0	43	3242	0	0	0	0	0	0	0	129	0	0	0	0	0	0	0	0	43	0	0	43	0	0	0	0	0	0	0	0	0	0	0	0	86	0	0	0	0	218	0	0	0	0	0	0	0	0	0	0	0	0	0	0	0	0	0	0	0	129	0	0	0	0	0	0	43	0	0	0	0	0	0	0	43	0	172	0	0	0	0	0	0	0	0	11609	0	0	0	0	0	0	43	0	0	0	0	0	0	0	0	0	0	0	0	0	0	0	0	0	0	0	0	0	0	0	629	0	0	0	4014	0	0	0	43	0	0	0	0	0	0
SRR23971473	0	0	0	0	0	0	0	0	0	0	0	0	0	0	0	0	0	0	0	0	0	0	0	0	0	0	0	0	0	0	0	0	0	0	11801	0	0	0	0	0	0	0	0	0	0	0	0	0	0	0	0	0	0	0	287	0	0	0	0	0	0	0	0	0	0	0	0	0	0	0	0	0	0	0	0	0	0	0	0	0	0	0	0	0	0	0	0	0	0	0	0	0	0	0	0	0	0	0	0	0	0	0	0	0	0	0	0	0	0	0	0	0	0	0	0	0	0	0	0	0	0	0	0	0	0	0	0	0	0	0	0	0	0	0	0	0	0	0	0	0	0	0	0	0	0	0	0	0	0	0	0	0	0	0	0	0	0	0	0	0	0	0	0	0	0	0	0	0	0	0	0	0	0	0	0	0	0	0	0	0	0	0	0	0
SRR23971474	0	0	0	0	0	43	5938	42	0	0	0	0	0	0	559	0	0	43	327	86	0	0	43	0	0	43	0	0	0	0	0	0	0	0	0	0	0	0	0	0	0	0	0	0	0	86	2569	0	0	0	129	43	0	1090	2189	43	0	0	0	0	43	0	427	0	0	0	0	0	0	0	172	0	0	0	0	0	0	0	43	0	0	0	0	0	0	0	0	129	0	0	86	43	129	0	0	0	0	0	0	0	0	0	0	0	0	7132	0	0	0	0	0	0	1460	0	43	0	0	0	0	43	0	0	0	0	0	0	0	137	0	4095	0	0	0	0	0	0	0	0	10765	0	0	0	0	0	0	0	0	0	0	0	0	0	0	0	0	0	0	0	0	0	0	0	0	0	0	0	0	0	0	1997	0	0	0	344	43	0	0	0	0	0	0	0	0	0
SRR23971475	0	0	0	0	0	392	599	0	0	0	0	0	0	0	0	0	0	0	172	0	0	0	0	0	0	0	0	0	43	0	0	0	0	0	0	0	0	0	0	0	0	0	0	0	0	0	0	0	0	0	43	0	0	0	640	0	0	0	0	0	0	0	0	0	0	0	0	0	0	0	0	0	0	0	0	0	0	0	0	0	0	0	0	0	0	0	0	0	0	0	0	0	86	0	0	0	0	0	0	0	0	0	0	0	0	0	0	0	0	0	0	0	129	0	0	0	0	0	0	0	0	0	0	0	0	0	0	46	0	301	0	45	0	0	0	0	0	0	8839	0	0	0	0	0	0	0	0	0	0	0	0	0	0	0	0	0	0	0	0	0	0	0	0	0	0	0	0	0	0	86	0	0	0	86	43	0	0	0	0	0	0	0	0	0
SRR23971476	0	0	0	0	0	262	8901	0	0	0	0	43	43	0	301	0	0	43	988	0	0	0	0	43	0	86	0	0	43	0	0	0	0	0	0	0	0	0	0	0	0	0	0	0	0	43	3229	0	9201	86	258	0	0	0	2456	0	0	43	0	0	86	0	344	0	0	0	0	0	0	0	2651	172	0	0	0	0	0	0	43	0	0	0	0	0	43	0	0	43	0	0	0	0	377	0	0	0	0	0	0	43	0	0	0	0	0	43	0	0	0	0	0	0	1794	0	0	0	0	0	0	215	0	0	0	0	0	0	0	141	0	343	0	0	0	0	0	0	0	0	9701	0	0	0	0	0	0	43	0	0	0	0	0	0	0	0	0	0	0	0	0	0	0	0	0	0	0	0	0	0	0	4236	0	0	0	43	129	0	0	0	0	0	0	0	0	0
SRR23971477	0	0	0	0	0	60	3330	0	0	0	0	43	387	0	0	0	0	43	86	0	0	0	0	0	43	0	0	0	0	0	0	0	0	0	0	0	43	0	0	0	0	0	0	0	0	0	86	0	0	0	86	0	0	43	430	0	0	0	0	0	43	0	129	0	0	0	0	0	0	0	172	43	0	0	43	0	0	0	86	0	0	0	0	0	0	0	0	43	0	0	0	0	86	0	0	0	0	0	0	0	0	0	0	0	0	0	0	0	0	0	0	0	1817	0	0	0	0	0	0	430	0	0	0	0	0	0	0	43	0	0	0	0	0	0	0	0	0	0	2517	0	0	0	0	0	0	43	0	52	0	0	0	0	0	0	0	0	43	43	0	0	0	0	0	0	0	43	0	0	0	387	0	0	0	43	0	0	0	258	0	0	0	0	0	0
SRR23971478	0	0	0	0	86	374	11598	0	0	0	0	129	256	0	86	0	0	0	172	43	0	0	0	283	0	1944	0	0	86	0	0	0	0	0	0	0	0	0	0	0	0	0	0	0	0	43	430	0	559	0	43	0	0	344	3416	86	45	0	0	0	86	0	472	0	0	0	0	0	0	0	43	43	0	172	0	0	0	86	86	0	0	43	0	0	0	0	0	129	0	0	172	0	1082	0	0	0	0	0	0	0	0	0	0	0	0	0	0	0	0	0	0	0	129	0	0	0	0	0	0	387	43	0	0	0	0	0	0	100	0	258	0	0	430	0	0	0	0	0	8869	0	0	0	0	0	0	0	0	0	0	43	0	0	0	0	0	0	0	0	0	0	0	0	0	0	0	0	0	0	0	3369	0	0	0	0	0	0	42	0	0	0	43	0	0	0
SRR23971479	0	0	0	0	0	86	43	92	0	0	0	0	975	0	731	0	0	0	0	0	0	0	0	0	0	0	0	0	0	0	0	0	0	0	0	0	0	0	0	0	0	0	0	0	0	0	601	0	432	0	86	0	0	0	258	172	0	0	0	0	816	0	5013	0	0	0	0	0	0	0	86	8367	0	0	0	0	0	0	172	0	0	0	0	0	0	0	43	0	171	0	3910	0	5723	0	0	0	0	0	0	0	0	0	0	0	0	0	0	0	0	0	0	0	0	0	0	0	86	0	0	0	0	382	0	0	0	0	0	731	0	0	0	0	0	0	86	0	0	0	5551	0	0	0	0	0	0	1945	0	0	0	0	0	0	0	0	0	86	1178	43	0	0	0	0	0	0	0	0	0	0	0	8504	0	0	0	0	0	0	0	0	0	43	0	0	0	0
SRR23971480	0	0	0	0	0	0	0	0	0	0	0	0	0	0	86	0	0	0	0	0	0	0	13343	0	0	0	0	0	0	0	0	0	0	0	0	0	0	0	0	0	0	0	0	0	0	0	0	0	473	0	43	0	0	0	0	0	0	0	0	0	43	0	129	0	0	0	0	0	0	0	0	842	0	0	0	0	0	0	0	0	0	0	0	0	0	0	0	0	0	0	0	0	254	0	0	0	0	0	0	0	0	0	0	0	0	0	0	0	0	0	0	0	43	43	0	0	0	0	0	0	0	0	0	0	0	0	0	0	0	0	0	0	0	0	86	0	0	0	0	0	0	0	0	0	0	172	0	0	0	559	0	0	0	0	0	0	774	0	0	0	0	0	0	0	0	0	0	0	0	0	0	0	0	0	0	0	0	0	0	0	0	0	0	0
SRR23971481	0	0	43	0	0	43	258	43	0	0	0	0	396	0	342	0	0	0	43	0	0	0	43	0	0	0	0	0	40	0	0	0	0	0	0	0	0	0	0	0	0	0	0	0	0	0	86	0	7592	0	86	0	0	0	834	0	0	0	0	0	4305	0	4417	0	0	0	0	0	0	0	86	5747	0	0	129	0	0	0	43	0	0	0	0	0	0	0	0	172	129	0	1586	0	1771	0	0	0	0	0	0	0	0	0	0	0	0	0	0	0	0	0	0	0	86	43	0	0	0	0	0	0	129	43	0	0	0	0	0	86	0	0	0	43	0	0	0	0	0	0	1959	0	0	0	0	0	0	1262	0	0	0	86	0	0	0	0	0	43	215	0	0	0	0	0	0	0	0	0	0	0	0	2256	0	0	0	43	0	0	3016	0	0	0	0	0	0	0
SRR23971482	0	0	0	0	0	129	0	101	0	43	0	0	129	0	1194	0	0	0	172	0	0	0	0	0	0	0	0	0	0	0	0	0	0	0	0	0	0	0	0	0	0	0	0	0	0	0	129	0	84	0	705	0	0	0	129	0	0	0	0	0	6974	0	4658	0	0	0	0	0	0	0	43	1514	0	0	0	0	0	0	0	0	0	0	0	0	0	0	0	0	0	0	941	0	8173	0	0	0	0	0	0	0	0	0	0	0	0	0	0	0	0	0	0	0	43	0	0	0	0	0	0	0	695	0	43	0	0	0	0	0	0	0	0	86	0	0	43	0	0	0	0	0	0	0	0	0	0	849	0	42	0	0	0	43	0	0	0	0	129	0	0	0	0	0	0	0	0	184	0	0	0	1053	0	0	0	0	0	0	86	0	0	0	0	0	0	0
SRR23971483	0	0	86	0	0	670	8283	436	0	0	0	0	43	0	387	0	0	0	301	0	43	0	129	43	0	0	0	0	86	0	0	0	52	0	0	0	0	0	0	0	0	0	0	0	0	0	3852	0	0	0	1041	0	0	0	1064	0	0	0	0	0	5409	0	1631	0	0	0	0	0	0	0	5850	10580	0	0	0	0	0	0	0	43	0	0	0	0	1322	0	258	0	171	0	4610	0	4466	0	0	0	0	0	0	0	0	0	0	0	0	0	0	0	0	0	0	0	2411	86	0	0	0	0	129	0	0	0	43	0	0	0	0	258	0	171	0	0	0	0	0	0	0	0	1205	0	0	0	0	0	0	11766	0	0	0	0	0	0	0	0	86	98	8695	0	0	0	0	0	0	0	0	392	0	0	0	10555	0	0	0	0	43	0	0	0	0	43	0	0	0	0
SRR23971484	0	0	0	0	0	0	0	0	0	0	0	0	0	0	0	0	0	0	0	0	0	0	0	0	0	0	0	0	0	0	0	0	0	0	0	0	0	0	0	0	0	0	0	0	0	0	0	0	0	0	0	0	0	0	0	0	0	0	0	0	0	0	0	0	0	0	0	0	0	0	0	0	0	0	0	0	0	0	0	0	0	0	0	0	0	0	0	0	0	0	0	0	0	0	0	0	0	0	0	0	0	0	0	0	0	0	0	0	0	0	0	0	0	0	0	0	0	0	0	0	0	0	0	0	0	0	0	0	0	0	0	0	0	0	0	0	0	0	0	0	0	0	0	0	0	0	0	0	0	0	0	0	0	0	0	0	0	0	0	0	0	0	0	0	0	0	0	0	0	0	0	0	0	0	0	0	0	0	0	0	0	0	0	0
SRR23971485	0	0	0	0	0	247	129	86	0	0	0	0	989	0	8236	0	0	0	86	0	619	0	602	0	0	0	0	0	0	0	43	0	86	0	0	0	86	0	0	0	0	0	0	0	0	0	4362	0	0	43	10817	0	43	43	514	0	0	0	0	0	6625	0	7522	0	0	0	0	0	0	0	7282	8328	0	43	0	0	0	43	0	43	0	0	0	0	0	0	43	0	359	0	11057	0	6842	0	0	0	0	0	0	0	0	0	0	0	0	0	0	0	0	0	0	0	7232	119	0	0	0	0	43	0	0	0	0	0	0	0	0	0	0	43	0	0	43	0	903	0	0	0	7695	0	43	0	0	0	0	8718	0	0	0	43	0	43	0	0	0	152	7167	0	0	0	0	0	0	0	0	43	0	0	0	8847	0	0	0	185	0	0	129	0	0	43	0	0	0	0
SRR23971486	0	0	0	0	0	86	0	86	0	0	0	0	1006	0	493	0	0	0	43	0	43	0	0	0	0	430	0	0	0	0	0	0	43	0	0	0	0	0	0	0	0	0	0	0	0	0	43	0	344	0	129	0	0	0	688	0	0	0	0	0	6446	0	1178	0	0	0	0	0	0	0	529	7629	0	0	86	0	0	0	0	0	0	0	0	0	0	0	100	0	86	0	2069	0	2894	0	0	0	0	0	0	0	0	0	0	0	0	0	0	0	0	0	0	0	86	43	0	0	654	0	0	43	429	0	0	0	0	0	0	0	0	0	0	175	0	0	43	0	0	0	86	0	0	0	43	0	0	5008	0	0	0	0	0	86	0	0	0	42	1081	0	0	0	0	0	0	0	0	86	0	0	0	2072	0	0	0	0	0	0	5002	796	0	0	1682	0	0	0
SRR23971487	0	0	0	0	0	43	0	0	0	43	0	0	172	0	1286	0	0	0	344	0	86	0	0	0	0	0	0	0	0	0	0	0	0	0	0	0	172	0	0	0	0	0	0	0	0	0	0	0	0	0	0	0	0	172	172	0	0	0	0	0	13547	0	687	0	0	0	0	0	0	0	43	650	0	0	0	0	0	0	0	0	0	43	0	0	0	0	0	0	172	0	6611	0	6065	0	0	0	0	0	0	0	0	0	0	0	0	0	0	0	0	0	0	0	0	43	0	0	0	0	0	0	129	0	215	129	0	0	0	0	0	0	0	0	0	0	0	0	0	0	172	0	0	0	0	0	0	651	0	0	86	0	0	177	0	0	0	86	430	0	0	0	0	0	0	0	0	0	0	0	0	1707	0	0	0	0	0	0	0	0	0	0	0	0	0	0
SRR23971488	0	0	0	0	0	96	43	43	0	0	0	0	129	0	0	0	0	0	129	0	4065	0	516	0	0	0	0	0	0	0	0	0	0	0	0	0	0	0	0	0	0	0	0	0	0	0	0	0	0	0	7228	0	0	0	130	0	0	0	0	0	688	0	344	0	0	0	0	0	0	0	86	129	0	0	0	0	0	0	0	0	0	0	0	0	0	0	0	0	1265	0	5985	0	2210	0	0	0	0	0	0	0	0	0	0	0	0	0	0	0	0	0	0	0	687	0	0	0	0	0	0	855	0	0	0	0	0	0	0	0	0	0	0	0	0	0	43	0	0	0	86	0	0	0	0	0	0	1091	0	0	0	0	0	0	0	0	0	44	386	0	0	0	0	0	0	0	0	0	0	0	0	723	0	0	0	0	0	0	0	0	0	0	0	0	0	0
SRR23971489	0	0	0	0	150	0	0	0	0	0	0	0	93	0	186	0	0	0	0	0	0	0	0	0	0	0	0	0	0	0	0	0	0	0	0	0	0	0	0	0	0	0	0	0	0	145	529	0	0	0	185	0	0	0	859	0	0	0	0	0	0	0	1021	0	0	0	0	0	0	0	0	3921	0	0	0	0	0	0	0	0	0	0	0	0	0	0	0	0	0	0	2591	0	3470	0	0	0	0	0	0	0	0	0	0	0	0	0	0	0	0	0	0	0	0	0	0	0	0	0	0	0	0	0	0	0	0	0	0	0	0	0	0	0	0	0	0	0	0	0	0	0	0	0	0	0	0	310	0	0	0	0	0	0	0	0	0	0	0	0	0	0	0	0	0	0	0	0	0	0	0	1334	0	0	0	0	0	0	0	0	0	0	0	0	0	0
SRR23971490	0	0	0	0	43	538	3420	0	0	0	0	43	0	0	209	0	0	0	871	0	0	0	0	43	0	0	0	0	43	0	0	0	0	0	0	0	0	0	0	0	0	43	0	0	0	0	430	0	344	515	212	0	0	86	1105	0	43	0	0	0	0	0	301	0	0	0	0	0	0	0	43	43	0	0	0	0	0	0	0	0	0	0	0	0	0	0	0	86	0	0	0	0	536	0	0	0	43	0	0	0	0	0	0	0	0	429	0	0	0	0	0	0	1637	0	0	0	0	0	0	0	0	0	0	0	0	0	0	323	0	2240	0	0	0	0	0	0	0	0	12579	0	0	0	0	0	43	0	0	43	0	0	0	0	0	0	0	0	0	0	0	0	0	0	0	0	0	0	0	0	0	1712	0	0	0	43	43	0	0	0	0	0	0	0	0	0
SRR23971491	0	0	0	0	0	0	0	0	0	0	0	0	0	0	0	0	0	0	0	0	0	0	0	0	0	0	0	0	0	0	0	0	0	0	0	0	0	0	0	0	0	0	0	0	0	0	151	0	0	0	0	0	0	0	0	0	0	0	0	0	0	0	0	0	0	0	0	0	0	0	0	0	0	0	0	0	0	0	0	0	0	0	0	0	186	0	0	0	0	0	0	0	121	0	0	0	0	0	0	0	0	0	0	0	0	0	0	0	0	0	0	0	0	0	0	0	0	0	0	0	0	0	0	0	0	0	0	0	0	0	0	0	0	0	0	0	0	0	0	0	0	0	0	0	0	0	0	0	0	0	0	0	0	0	0	0	0	0	0	0	0	0	0	0	0	0	0	0	0	0	0	0	0	0	0	0	0	0	0	0	0	0	0	0
SRR23971492	43	0	0	0	43	312	172	0	0	0	0	0	0	0	0	0	0	0	0	129	0	0	0	0	0	0	0	0	0	86	43	0	0	0	0	0	0	0	0	0	667	0	0	0	0	0	0	43	0	0	5443	0	0	0	344	0	0	0	0	0	0	0	43	0	0	0	0	0	0	504	0	0	0	0	301	0	0	0	3633	0	0	0	0	387	0	0	0	0	0	0	0	0	0	0	0	0	43	0	0	0	0	0	0	0	0	0	0	0	0	0	0	0	0	0	0	0	0	0	0	215	0	0	0	0	0	0	0	0	0	0	0	0	0	0	0	0	0	146	129	0	0	0	0	0	43	0	0	0	0	86	0	0	0	0	0	0	0	0	0	0	0	0	0	0	0	0	0	0	0	129	0	0	0	0	0	0	0	0	0	215	0	0	0	0
SRR23971493	0	0	0	0	0	0	0	0	0	0	0	0	0	0	0	0	0	0	0	0	0	0	0	0	0	0	0	0	0	0	0	0	0	0	0	0	0	0	0	0	0	0	0	0	0	0	0	0	0	0	0	0	0	0	635	0	0	0	0	0	0	0	0	0	0	0	0	0	0	0	0	0	0	0	0	0	0	0	0	0	0	0	0	0	0	0	0	0	0	0	0	0	0	0	0	0	0	0	0	0	0	0	0	0	0	0	0	0	0	0	0	0	0	0	0	0	0	0	0	0	0	0	0	0	0	0	0	0	0	0	0	0	0	0	0	0	0	0	0	0	0	0	0	0	0	0	0	0	0	0	0	0	0	0	0	0	0	0	0	0	0	0	0	0	0	0	0	0	0	726	0	0	0	0	0	0	0	0	0	0	0	0	0	0
SRR23971494	172	172	258	0	215	351	86	0	0	0	0	0	86	86	344	0	0	381	170	215	0	86	0	0	43	0	0	43	765	0	0	0	0	0	0	0	0	0	0	0	0	0	0	0	0	129	0	86	0	301	1259	43	0	0	2421	0	0	0	0	0	0	0	344	0	0	0	0	602	0	0	0	0	86	585	666	86	0	0	3030	0	0	0	0	0	0	43	0	0	0	0	43	0	540	86	0	344	0	0	0	0	258	0	0	0	0	0	43	0	0	43	0	0	0	0	0	0	0	0	0	129	0	0	0	0	0	92	0	0	0	0	0	0	0	0	0	0	0	0	0	0	0	0	0	0	0	0	0	0	0	541	0	0	0	42	0	0	0	0	0	0	0	0	0	0	0	0	0	0	0	3086	43	0	0	95	0	0	0	0	43	344	0	0	0	129
SRR23971495	0	0	319	0	308	0	0	0	0	0	0	0	0	0	322	0	0	0	0	0	0	0	0	0	0	0	0	0	353	0	0	0	0	0	0	0	0	0	0	0	0	0	0	0	0	0	0	0	0	0	0	0	0	0	721	0	0	0	0	0	0	0	186	0	0	0	0	0	186	0	0	0	0	0	155	0	0	0	0	0	0	0	0	0	0	0	0	0	0	0	0	0	1017	0	0	0	0	0	0	0	0	0	0	0	0	0	0	0	0	0	0	0	0	0	0	0	0	0	0	186	0	0	0	0	0	0	0	0	0	0	0	0	0	0	0	0	0	0	0	0	0	0	0	0	0	0	0	0	0	0	0	0	0	0	0	0	0	0	0	0	0	0	0	0	0	0	0	0	0	104	0	0	0	0	0	0	0	0	0	0	0	0	0	0
SRR23971496	0	86	129	0	129	374	43	0	0	0	0	0	258	0	611	0	0	258	258	344	0	0	43	0	0	43	0	0	1485	0	0	0	0	0	0	0	0	0	0	0	0	0	0	0	0	258	0	0	0	172	1179	0	0	0	3789	0	0	0	0	0	43	0	301	0	0	0	0	258	0	0	0	43	43	258	602	0	0	0	3166	0	0	0	0	0	0	43	0	0	0	0	0	0	1510	0	0	86	0	0	0	0	43	0	0	0	0	0	93	0	0	0	0	0	0	0	0	0	0	0	0	172	0	0	0	0	0	43	0	0	0	0	0	0	0	0	0	0	0	43	43	0	0	0	0	0	0	43	0	0	0	541	0	0	0	0	0	0	86	0	0	0	0	0	0	0	0	0	0	0	0	1786	0	0	0	43	0	0	0	0	86	645	0	43	0	43
SRR23971497	0	344	86	0	0	519	0	0	0	0	0	0	43	988	0	0	0	0	0	0	0	0	0	0	43	0	0	86	903	43	43	0	0	0	0	0	0	258	0	0	0	258	0	172	0	13587	0	0	43	1308	215	0	85	0	526	383	0	0	0	0	0	0	0	0	0	301	43	0	0	0	0	0	0	0	86	0	0	0	215	0	0	0	665	3835	0	0	0	0	0	0	0	0	0	0	0	0	660	0	86	0	0	0	0	0	430	0	0	774	0	129	0	0	0	0	0	0	0	0	0	845	0	0	0	0	0	0	0	0	0	0	43	0	0	0	43	0	0	0	86	0	0	301	0	1079	1769	0	0	172	0	0	172	0	0	0	0	0	0	0	0	0	0	0	0	0	0	0	0	0	0	129	0	0	0	215	0	0	0	0	0	129	0	0	0	0
SRR23971498	0	0	0	0	0	0	0	0	0	0	0	0	0	0	0	0	0	0	0	0	0	0	0	0	0	0	0	0	0	0	0	0	0	0	0	0	0	0	0	0	0	0	0	0	0	0	0	0	0	0	0	0	0	0	0	0	0	0	0	0	0	0	0	0	0	0	0	0	0	0	0	0	0	0	0	0	0	0	0	0	0	0	0	0	0	0	0	0	0	0	0	0	96	0	0	0	0	0	0	0	0	0	0	0	0	0	0	0	0	0	0	0	0	0	0	0	0	0	0	0	0	0	0	0	0	0	0	0	0	0	0	0	0	0	0	0	0	0	0	0	0	0	0	0	0	0	0	0	0	0	0	0	0	0	0	0	105	0	0	0	0	0	0	0	0	0	0	0	0	0	0	0	0	0	0	0	0	0	0	0	0	0	0	0
SRR23971499	244	0	129	0	0	86	86	0	0	0	0	0	0	0	43	0	0	0	43	215	0	0	0	0	0	0	0	0	0	0	0	0	0	0	0	0	0	0	43	86	0	0	0	0	0	0	0	0	0	0	0	0	0	86	172	0	0	0	0	0	0	0	43	0	0	0	0	387	0	0	0	0	301	258	215	0	0	0	10153	0	0	0	0	43	0	0	0	0	0	0	0	119	129	0	0	0	0	0	0	0	0	0	0	0	0	0	0	0	0	0	0	43	0	0	0	0	0	0	0	43	0	0	0	0	0	172	0	0	0	0	0	0	0	0	0	0	0	239	86	0	0	0	0	0	0	0	0	0	0	499	0	0	143	0	0	0	0	0	0	0	0	0	0	0	43	0	0	0	0	215	0	0	0	0	0	0	0	0	0	0	0	0	0	0
SRR23971500	0	0	0	0	0	0	0	0	0	0	0	0	0	0	0	0	0	0	0	0	0	0	0	0	0	131	0	0	0	0	0	0	0	0	0	0	0	0	0	0	0	0	0	0	0	0	0	0	0	0	0	0	0	0	206	0	0	0	0	0	0	0	0	0	0	0	0	0	0	0	0	0	0	0	0	0	0	0	0	0	0	0	0	0	0	0	0	0	0	0	0	0	575	0	0	0	0	0	0	0	0	0	0	0	0	0	0	0	0	0	0	0	0	0	0	0	0	0	0	0	0	0	0	0	0	0	0	0	0	0	0	0	0	0	0	0	0	0	0	0	0	0	0	0	0	0	0	0	0	0	0	0	0	0	0	0	0	0	0	0	0	0	0	0	0	0	0	0	0	0	0	0	0	0	0	0	0	0	0	0	0	0	0	0
SRR23971501	0	0	0	0	0	0	0	0	0	0	0	0	0	0	0	0	0	0	0	0	0	0	0	0	0	0	0	0	93	0	0	0	0	0	0	0	0	0	0	0	0	0	0	0	0	0	0	0	0	0	0	0	0	0	772	0	0	0	0	0	112	0	0	0	0	0	0	0	186	0	0	0	0	0	0	0	0	0	0	0	0	0	0	0	0	0	0	0	0	0	0	0	1031	0	0	0	0	0	0	0	0	0	0	0	0	0	0	0	0	0	0	0	0	0	0	0	0	0	0	93	0	0	0	0	0	0	0	0	0	0	0	0	0	0	0	0	0	0	0	0	0	0	0	0	0	0	0	0	0	0	0	0	0	0	0	0	0	0	0	0	0	0	0	0	0	0	0	0	0	179	0	0	0	0	0	0	0	0	0	99	0	0	0	0
SRR23971502	101	0	534	0	6879	608	0	0	0	0	0	1454	389	2310	439	0	0	1009	257	1364	0	2051	0	0	782	0	0	0	1244	0	401	0	458	0	0	0	0	0	0	339	0	0	0	0	0	712	0	335	180	366	4628	0	0	0	12299	0	301	0	0	0	0	0	2108	0	0	0	0	186	7546	0	0	650	13450	10524	11515	0	0	0	12023	0	0	0	0	0	0	6441	0	0	0	0	0	1236	7350	0	538	186	0	0	0	0	0	135	0	95	0	0	421	0	0	0	0	93	0	0	0	0	0	0	0	6780	0	0	0	0	186	116	2422	0	0	186	0	0	123	517	0	0	0	93	0	0	0	0	0	803	186	98	0	0	0	7486	0	0	0	0	0	0	146	250	0	93	0	0	0	0	3611	0	0	0	0	5592	0	0	0	293	0	0	0	6673	0	13559	0	804	0	93
SRR23971503	0	0	866	0	0	0	0	0	0	0	0	0	0	0	313	0	0	6523	0	0	0	0	0	0	0	0	0	0	0	0	0	0	0	0	0	0	0	0	0	0	0	0	0	0	0	0	0	0	0	0	93	0	0	0	733	186	0	0	0	0	0	0	1347	0	0	0	0	792	0	0	1378	112	558	11999	93	0	0	0	13670	0	0	0	0	0	0	0	0	0	0	0	0	0	277	0	0	0	0	0	0	0	557	0	0	0	0	0	0	0	0	0	0	0	0	0	0	0	0	0	0	174	0	0	0	0	0	93	0	0	0	0	0	0	0	0	0	0	0	93	0	0	0	0	0	0	0	185	0	0	0	1410	0	0	93	0	0	0	0	0	0	0	0	0	0	0	0	0	0	0	0	93	957	0	0	0	0	0	0	0	0	0	0	186	0	93
SRR23971504	0	0	1470	0	0	0	0	0	0	0	0	0	0	0	0	0	0	0	0	0	0	0	0	0	0	0	0	0	0	0	0	0	0	0	0	0	0	0	0	0	0	0	0	0	0	0	0	0	0	0	126	0	0	0	1733	0	0	0	0	0	0	0	0	0	0	0	0	157	0	0	0	168	179	186	470	0	0	0	0	0	0	0	0	0	0	0	0	0	0	0	0	0	346	0	0	0	0	0	0	0	0	0	0	0	0	0	0	0	0	0	0	0	0	0	0	0	0	0	0	0	0	0	0	0	0	0	0	0	0	0	0	0	0	0	0	0	0	0	0	0	0	0	0	0	0	0	0	0	0	186	0	0	0	0	0	0	0	0	0	0	0	0	0	0	0	0	0	0	0	511	0	0	0	0	0	0	0	0	0	167	0	0	0	0
SRR23971505	0	554	0	0	3136	856	0	0	0	0	1774	379	362	0	344	0	0	0	161	0	0	0	0	0	0	0	0	291	7691	0	0	0	0	2309	0	0	0	0	0	0	0	0	0	0	0	186	0	0	0	3538	3459	0	0	0	10873	606	0	0	0	0	0	0	1334	0	0	372	0	186	0	0	165	186	87	1023	804	130	0	0	2705	0	0	0	0	0	0	0	0	0	0	93	0	0	4577	1001	0	0	0	0	472	0	0	0	0	186	0	0	372	0	0	0	0	0	0	0	0	0	0	0	0	8260	0	0	0	0	0	0	0	0	0	0	0	0	0	0	0	0	0	0	186	0	0	162	0	10900	165	0	0	0	0	3872	441	0	0	0	0	0	297	0	0	651	0	0	372	0	0	0	0	0	0	5194	0	186	0	0	0	0	0	0	0	304	0	372	0	0
SRR23971506	0	4668	0	175	558	849	0	0	0	0	0	5922	0	2731	123	0	0	0	0	0	0	0	0	0	122	0	0	0	665	0	0	0	0	12698	0	0	0	0	0	0	167	0	0	0	0	1423	0	0	186	12531	1309	0	0	0	2162	0	0	0	0	0	0	0	309	0	0	2332	0	0	0	0	0	0	0	0	279	607	0	0	516	0	0	0	0	0	0	0	0	0	0	0	0	0	3354	355	0	0	0	0	2726	0	0	497	0	0	0	0	0	0	0	93	0	0	0	0	0	0	0	0	0	5271	0	0	0	0	0	0	0	0	0	0	0	0	0	0	0	101	0	0	0	0	0	186	0	3266	0	0	0	0	0	2756	2139	0	0	0	0	0	269	0	0	186	0	0	509	0	0	0	0	0	0	6241	0	0	0	189	0	0	0	0	0	93	0	0	0	0
SRR23971507	0	2438	0	0	0	831	0	0	0	0	0	0	186	0	0	0	0	0	0	0	0	0	0	0	0	0	0	0	0	0	0	0	0	0	0	0	0	0	0	0	0	0	0	0	0	0	0	0	0	3502	0	0	0	0	127	0	0	0	0	0	0	0	0	0	0	0	0	0	0	0	0	0	0	0	0	0	0	0	0	0	0	0	0	0	0	0	0	0	0	0	0	0	186	0	0	0	0	0	0	0	0	0	0	0	0	0	0	0	0	0	0	0	0	0	0	0	0	0	0	0	0	0	0	0	0	0	0	0	0	0	0	0	0	0	0	0	0	0	0	0	0	0	0	186	0	0	0	0	0	318	184	0	0	0	0	0	0	0	0	0	0	0	0	0	0	0	0	0	0	0	0	0	0	0	0	0	0	0	0	0	0	0	0	0
SRR23971508	1597	0	312	0	0	93	0	0	0	0	0	0	108	11057	0	0	0	108	0	0	0	186	0	0	2181	0	0	0	879	132	0	0	0	0	0	0	0	0	4585	0	0	0	0	0	0	824	0	0	0	1224	2463	0	306	0	883	0	0	320	0	0	0	0	11543	0	0	0	0	0	0	0	0	600	110	279	145	0	0	0	7636	0	0	0	0	186	0	0	0	0	0	0	0	0	12547	0	0	0	0	0	0	0	0	0	0	0	848	0	372	0	0	0	0	0	0	0	0	0	0	0	0	513	0	0	0	0	0	93	0	0	0	0	0	0	0	0	0	0	0	509	0	0	0	186	0	93	0	0	0	0	0	893	0	0	186	0	0	0	0	0	0	0	0	0	0	0	0	0	0	0	0	13930	0	0	0	0	0	0	0	0	0	1209	0	336	0	0
SRR23971509	0	157	0	122	2829	93	0	95	0	0	777	93	1074	964	3496	0	0	149	10452	992	0	0	0	0	117	0	0	186	2944	0	168	0	0	0	0	0	0	0	0	0	186	0	0	0	0	1965	186	0	186	422	7512	0	186	362	9974	0	0	110	0	0	186	0	13891	0	0	0	0	0	295	0	175	667	2000	856	1250	0	0	0	1760	0	0	0	0	372	0	0	0	0	0	0	0	0	13730	0	0	0	0	0	0	0	0	0	362	0	0	0	380	93	0	0	0	0	93	0	0	0	0	0	0	13407	0	0	0	0	0	0	0	0	0	0	0	0	1283	0	0	0	0	0	608	0	0	0	0	554	0	93	0	0	0	1486	0	0	0	0	0	0	3982	0	0	0	0	0	0	93	0	0	0	0	0	13934	0	0	0	928	0	0	0	0	0	688	0	162	0	0
SRR23971510	0	250	335	0	11262	856	0	0	0	0	2228	468	1829	1454	1331	0	0	853	989	0	0	0	0	0	1210	0	96	0	2480	0	724	0	0	0	0	0	0	0	0	0	277	2383	0	0	0	14355	169	0	0	493	13428	0	372	0	6410	172	0	372	0	0	104	0	8255	0	0	107	0	0	0	0	186	0	692	1175	763	0	0	0	2415	0	0	0	0	0	0	0	0	0	0	169	0	0	8863	0	0	0	0	0	0	0	256	264	0	136	104	0	316	835	0	7796	0	0	0	0	0	0	0	0	0	13683	0	0	0	0	0	186	0	0	0	0	0	0	255	0	0	115	0	0	186	0	0	1675	0	16159	453	159	0	0	0	1519	0	0	0	0	0	0	0	0	0	186	0	0	0	465	0	0	0	0	0	11577	0	0	0	0	0	0	0	0	0	426	0	186	0	0
SRR23971511	0	0	0	0	0	0	0	0	0	0	0	0	0	0	0	0	0	0	0	0	0	0	0	0	0	0	0	0	0	0	0	0	0	0	0	0	0	0	0	0	0	0	0	0	0	0	0	0	0	0	0	0	0	0	279	0	0	0	0	0	0	0	0	0	0	0	0	0	0	0	0	0	0	0	0	0	0	0	0	0	0	0	0	0	0	0	0	0	0	0	0	0	93	0	0	0	0	0	0	0	0	0	0	0	0	0	0	0	0	0	0	0	0	0	0	0	0	0	0	0	0	0	0	0	0	0	0	0	0	0	0	0	0	0	0	0	0	0	0	0	0	0	0	0	0	0	0	0	0	0	0	0	0	0	0	0	0	0	0	0	0	0	0	0	0	0	0	0	0	0	0	0	0	0	0	0	0	0	0	0	0	0	0	0
SRR23971512	0	0	0	0	186	161	0	0	0	0	0	0	0	93	0	0	0	0	0	0	0	0	0	0	285	0	0	0	614	0	0	0	0	0	0	0	0	0	0	0	260	544	0	372	0	6960	0	0	0	159	499	0	0	0	4368	965	0	0	0	0	0	0	1091	0	0	0	0	0	0	0	0	0	0	186	186	0	0	0	279	0	0	0	0	0	0	0	0	0	0	0	0	0	1544	0	0	0	0	0	0	0	0	0	0	0	526	0	0	279	0	458	0	0	0	0	0	0	0	0	0	12347	0	0	0	0	0	0	0	0	0	0	0	0	0	0	0	0	0	0	0	0	0	835	0	13475	140	0	0	0	0	186	0	0	0	0	0	0	0	0	0	0	0	0	0	377	0	0	0	0	0	2449	0	0	0	0	0	0	0	0	0	312	0	0	0	0
SRR23971513	0	0	0	0	0	713	0	0	0	0	0	0	0	0	0	0	0	0	0	0	0	0	0	0	0	0	0	0	0	0	0	0	0	0	0	0	0	0	0	0	0	0	0	0	0	0	0	0	0	0	705	0	0	0	8239	0	0	0	0	0	0	0	0	0	0	0	0	0	0	0	0	0	0	0	0	0	0	0	212	0	0	0	0	0	0	0	0	0	0	0	0	0	1505	0	0	0	0	0	0	0	0	0	0	0	0	0	0	0	0	0	0	0	0	0	0	0	0	0	0	0	0	0	0	0	0	0	0	0	0	0	93	0	0	0	0	0	0	0	0	0	0	0	0	0	0	0	0	0	0	0	0	0	0	0	0	0	0	0	0	0	0	0	0	0	0	0	0	0	0	581	0	0	0	0	0	0	0	0	0	0	0	0	0	0
SRR23971514	0	0	0	0	0	0	0	0	0	0	0	0	0	0	0	0	0	0	0	0	0	0	0	0	0	0	0	0	349	0	0	0	0	0	0	0	0	0	0	0	0	0	0	0	0	232	0	0	0	463	93	0	0	0	180	186	0	0	0	0	0	0	0	0	0	0	0	0	0	0	0	0	0	0	0	0	0	0	186	0	0	0	0	372	0	0	0	0	0	0	0	0	0	0	0	0	0	0	0	0	0	0	0	0	0	0	0	0	0	0	0	0	0	0	0	0	0	0	0	0	0	0	0	0	0	0	0	0	0	0	0	0	0	0	0	0	0	0	0	0	0	0	0	0	135	0	0	0	0	0	0	0	0	0	0	0	0	0	0	0	0	0	0	0	0	0	0	0	0	169	0	0	0	0	0	0	0	0	0	0	0	0	0	0
SRR23971515	0	0	0	0	0	0	93	0	0	0	0	0	0	0	0	0	0	0	305	0	0	0	0	0	0	0	0	0	0	0	0	0	0	0	0	0	0	0	0	0	0	0	0	0	0	0	177	0	0	0	0	0	0	0	138	0	0	0	0	0	0	0	0	0	0	0	0	0	0	0	0	0	0	0	0	0	0	0	0	0	0	0	0	0	0	0	0	0	0	0	0	0	302	0	0	0	0	0	0	0	0	0	0	0	0	0	0	0	0	0	0	0	0	0	0	0	0	0	0	0	0	0	0	0	0	0	0	0	0	0	0	0	0	0	0	0	0	0	666	0	0	0	0	0	0	0	0	0	0	0	0	0	0	0	0	0	0	0	0	0	0	0	0	0	0	0	0	0	0	1280	0	0	0	0	0	0	0	279	0	0	0	0	0	0
SRR23971516	0	0	0	0	0	0	0	0	0	0	0	0	0	0	0	0	0	0	0	0	0	0	0	0	0	0	0	0	0	0	0	0	0	0	0	0	0	0	0	0	0	0	0	0	0	0	0	0	0	0	0	0	0	0	0	0	0	0	0	0	0	0	0	0	0	0	0	0	0	0	0	0	0	0	0	0	0	0	0	0	0	0	0	0	0	0	0	0	0	0	0	0	0	0	0	0	0	0	0	0	0	0	0	0	0	0	0	0	0	0	0	0	0	0	0	0	0	0	0	0	0	0	0	0	0	0	0	0	0	0	0	0	0	0	0	0	0	0	223	0	0	0	0	0	0	0	0	0	0	0	0	0	0	0	0	0	0	0	0	0	0	0	0	0	0	0	0	0	0	0	0	0	0	0	0	0	0	0	0	0	0	0	0	0
SRR23971517	0	0	0	0	0	0	0	0	0	0	0	0	0	0	0	0	0	0	1689	0	0	0	0	0	0	0	0	0	0	0	0	0	0	0	0	0	0	0	0	0	0	0	0	0	0	0	279	0	0	0	164	0	0	0	897	0	0	0	0	0	0	0	0	0	0	0	0	0	0	0	0	0	0	0	0	0	0	0	0	0	0	0	0	0	0	0	0	0	0	0	0	0	730	0	0	0	0	0	0	0	0	0	0	0	0	0	0	0	0	0	0	0	0	0	0	0	0	0	0	0	0	0	0	0	0	0	0	0	0	0	0	0	0	0	0	0	0	0	529	0	0	0	0	0	0	93	0	0	0	186	0	0	0	0	0	0	0	0	0	0	0	0	0	0	0	0	0	0	0	1934	0	0	0	0	0	0	0	0	0	0	0	0	0	0
SRR23971518	0	0	0	4728	0	161	0	0	0	0	0	1193	1671	0	1385	0	0	0	2003	0	0	0	43	0	0	0	0	0	0	0	0	0	0	0	0	0	197	0	0	0	0	0	0	0	0	0	0	0	0	0	43	0	0	86	2122	0	0	0	0	0	5532	0	0	0	0	0	0	0	0	0	0	309	0	0	0	0	0	0	0	0	0	0	0	0	0	0	0	0	43	0	215	0	387	0	0	0	0	0	0	0	0	0	0	0	0	0	0	0	0	0	0	0	86	0	0	0	0	0	0	0	0	0	0	3091	0	0	0	0	0	0	0	0	0	0	0	0	0	0	172	0	43	0	0	0	0	86	0	0	4784	0	0	0	0	0	0	0	0	0	0	0	0	0	0	0	0	0	0	0	0	1852	0	0	0	0	0	0	0	0	0	0	0	0	87	0
SRR23971519	0	0	0	43	0	201	0	0	0	0	0	43	136	0	43	0	0	0	1864	0	0	0	0	0	0	0	0	0	0	0	0	0	0	0	0	0	0	0	0	0	0	0	0	0	0	0	0	0	0	0	0	0	0	0	43	0	0	0	0	0	499	0	43	0	0	0	0	0	0	0	0	43	0	0	0	0	0	0	0	0	0	0	0	0	0	0	0	0	0	0	86	0	172	0	0	0	0	0	0	0	0	0	0	0	0	0	0	0	0	0	0	0	0	0	0	0	0	0	0	0	0	0	0	1175	0	0	0	0	0	0	0	0	0	0	0	0	0	0	86	0	0	0	0	0	0	0	0	0	301	0	0	0	0	0	0	0	0	0	0	0	0	0	0	0	0	0	0	0	0	382	0	0	0	0	0	0	0	0	0	0	0	0	0	0
SRR23971520	0	0	0	258	0	403	344	0	0	0	0	10580	13326	0	7288	0	0	43	5264	0	215	0	0	0	0	0	0	43	86	0	0	0	0	0	0	0	2324	0	0	0	0	0	0	0	346	0	258	0	215	0	731	0	0	1427	2775	0	0	0	0	0	10599	0	1544	0	0	0	86	0	0	0	512	7113	0	0	0	0	0	2082	43	43	0	0	0	0	0	0	0	0	688	0	2137	0	9111	0	0	0	0	0	0	0	0	0	0	0	0	0	0	0	0	0	0	0	215	0	0	0	0	0	0	129	0	0	0	1993	0	0	0	0	0	258	0	0	129	0	43	0	0	0	917	0	0	0	0	0	0	921	129	0	2242	0	0	43	0	0	0	0	43	0	0	0	0	0	0	0	0	86	0	43	0	4927	0	0	0	202	0	0	0	459	0	0	0	0	0	0
SRR23971521	0	0	0	172	0	249	129	0	0	0	0	2676	3191	0	8292	0	0	0	898	0	516	0	0	0	0	0	0	0	0	0	0	0	0	0	0	0	215	0	0	0	0	0	0	0	43	0	258	0	129	0	43	0	0	1376	2013	43	0	86	0	0	5704	0	344	0	0	0	0	0	0	0	774	11098	0	43	0	0	0	3261	258	0	0	43	0	0	0	0	0	0	0	0	301	0	2634	0	0	0	0	0	0	0	0	0	0	0	0	0	0	0	0	0	0	0	43	0	0	0	0	0	0	126	43	0	0	556	0	0	0	0	0	0	0	0	258	0	0	0	0	0	129	0	0	0	0	0	0	0	43	44	223	0	0	43	0	0	0	0	0	0	0	0	43	0	0	0	0	0	0	0	0	1369	0	0	0	434	0	0	0	430	0	0	0	0	0	43
SRR23971522	0	0	0	0	255	0	0	0	0	0	0	0	0	0	143	0	0	0	0	0	0	0	0	0	0	0	0	0	0	0	0	0	0	0	0	0	0	0	0	0	0	0	0	0	0	0	0	0	0	0	136	0	0	0	93	0	0	0	0	0	0	0	0	0	0	0	0	0	0	0	0	0	0	0	0	0	0	0	0	0	0	0	0	0	0	0	0	0	0	0	0	0	0	0	0	0	0	0	0	0	0	0	0	0	0	0	0	0	0	0	0	0	0	0	0	0	0	0	0	0	0	0	0	0	0	0	0	0	0	0	0	0	0	0	0	0	0	0	93	0	0	0	0	0	0	0	0	0	0	0	0	0	0	0	0	0	186	0	0	0	0	0	0	0	0	0	0	0	0	93	0	0	0	0	0	0	0	0	0	0	0	0	0	0
SRR23971523	0	0	0	0	0	433	5348	0	0	0	0	774	13814	344	13525	0	0	0	761	0	607	0	0	43	0	0	0	0	43	0	0	0	43	0	0	0	427	0	0	0	0	0	0	0	0	0	8487	0	0	0	12872	0	0	0	3301	0	0	0	0	0	8317	0	971	0	0	0	45	0	0	0	301	8342	0	0	0	0	0	0	0	13335	0	0	0	0	0	0	0	0	3136	0	2096	0	13044	0	0	0	0	0	0	0	0	0	0	0	0	84	0	0	0	0	0	0	4104	0	0	0	0	0	0	169	43	0	0	129	0	0	0	0	0	2808	0	0	0	0	0	0	0	0	1529	0	0	0	0	0	0	5970	0	0	43	0	0	86	0	0	0	0	86	43	0	0	0	0	0	0	0	0	0	86	0	4950	0	0	0	0	86	0	43	0	0	0	0	0	0	0
SRR23971524	0	0	0	258	0	302	0	0	0	0	0	387	4562	0	13308	0	0	0	1026	0	8162	0	0	0	0	0	0	0	0	0	0	0	0	0	0	0	172	0	0	0	0	0	0	0	0	0	43	0	384	0	0	0	0	0	465	0	0	0	0	0	13065	0	215	0	0	0	0	0	0	0	129	12544	0	0	0	0	0	0	0	0	0	0	0	0	0	0	72	0	43	0	172	0	1402	0	0	0	0	0	0	0	0	0	0	0	0	0	0	0	0	0	0	0	86	0	0	0	0	0	0	0	0	0	0	301	0	0	0	0	0	43	0	0	0	0	0	0	0	0	129	0	0	0	0	0	0	129	0	0	688	0	0	91	0	0	0	0	43	0	0	0	0	0	0	0	0	0	0	0	0	1596	0	0	0	0	0	0	0	0	0	0	0	0	0	0
SRR23971525	0	0	0	804	86	165	1822	86	0	0	0	8120	12879	0	8577	0	0	0	12582	0	2912	0	0	0	0	0	0	0	84	0	0	0	0	0	0	0	2469	0	0	0	0	0	0	0	258	0	576	0	514	86	897	83	0	1003	1619	0	0	0	0	0	12630	0	12443	0	0	0	129	0	0	0	1405	10575	43	258	0	0	0	86	129	86	0	43	0	0	0	0	112	0	1249	0	2956	0	11765	0	0	0	0	0	0	0	0	0	0	0	0	0	0	0	0	0	0	0	0	0	0	0	0	0	0	1156	664	0	0	3108	0	0	0	0	0	258	0	129	602	0	43	0	0	43	919	0	473	0	0	0	0	2137	86	0	2304	0	0	92	0	0	0	43	215	111	0	0	0	0	0	0	0	48	0	9843	0	8054	43	0	0	90	0	0	0	0	0	43	0	0	43	0
SRR23971526	0	0	0	711	0	515	1813	0	0	0	0	9089	13770	129	6907	0	0	0	9231	43	258	0	43	43	0	86	0	0	43	0	0	0	0	0	0	0	1151	0	0	0	0	0	0	0	1320	214	346	172	1349	0	344	521	0	12252	4331	0	46	0	0	0	9564	0	903	0	0	0	634	0	43	43	674	8671	43	0	129	0	0	430	43	0	0	3675	0	0	0	0	40	0	172	0	3215	0	3705	0	0	43	0	0	0	0	86	0	0	0	0	0	0	0	0	0	0	44	340	0	0	0	0	0	0	393	1216	0	0	814	0	0	0	0	0	471	86	260	4675	0	0	0	43	0	516	0	0	0	0	129	215	691	172	0	1692	0	0	91	0	0	0	0	43	301	0	0	86	0	0	0	0	43	0	2314	0	4372	0	0	0	793	0	387	86	501	0	43	0	43	43	0
SRR23971527	0	0	0	900	43	304	43	43	0	0	0	2189	2091	0	4637	0	0	0	2737	0	86	0	0	0	0	0	0	0	86	0	0	0	0	0	0	0	301	0	0	0	0	0	0	0	0	0	387	0	0	0	86	0	0	86	505	0	0	0	0	0	3718	0	6651	0	0	0	0	0	0	0	215	3962	0	86	0	0	0	0	43	0	0	0	0	0	0	0	43	0	215	0	918	0	3464	0	0	0	0	0	0	0	0	0	0	0	0	43	0	0	0	0	0	0	86	0	0	0	0	0	0	0	0	0	0	215	0	0	0	0	0	1204	0	0	0	0	215	0	0	0	470	0	0	0	0	0	0	1088	258	0	1761	0	0	0	0	0	0	0	0	0	0	0	0	0	0	0	0	0	0	3250	0	1280	0	0	0	0	0	0	0	0	0	0	0	0	43	0
SRR23971528	0	0	0	215	0	668	172	0	0	0	0	9947	12517	172	6649	0	0	0	10151	0	172	0	43	0	0	0	0	86	3293	0	86	0	0	0	0	0	301	0	0	0	0	0	0	0	401	43	86	86	904	86	258	228	0	6072	7193	0	0	0	0	0	7290	0	1591	0	0	0	344	0	0	0	320	4965	0	0	86	43	0	1013	86	43	0	86	0	0	0	0	60	43	129	0	2676	0	4614	0	0	0	0	0	0	0	0	0	0	86	0	43	0	0	0	86	0	0	172	0	0	0	0	0	0	387	172	0	43	514	0	0	0	0	0	0	86	0	1559	0	86	0	0	0	470	0	86	0	0	0	86	1800	86	42	2832	43	0	47	0	0	0	0	86	129	0	0	0	0	0	0	0	0	0	3837	0	4975	0	0	0	925	0	0	85	169	0	129	0	0	43	0
SRR23971529	0	0	0	301	43	0	473	0	0	43	0	83	2686	0	2009	0	0	0	129	0	258	0	0	43	0	0	0	0	0	0	0	0	0	0	0	0	3671	0	0	0	0	0	0	0	0	0	1781	0	0	0	172	0	0	43	3715	0	0	0	0	0	13003	730	865	0	0	0	0	0	0	0	1057	4094	0	0	0	0	0	0	0	43	0	0	0	0	0	0	0	0	5745	0	2894	0	7484	0	0	0	0	0	0	0	0	0	0	0	0	0	0	0	0	0	0	0	1257	86	0	0	0	0	0	43	0	0	0	406	0	0	0	0	0	0	0	0	0	0	427	0	0	0	279	0	0	0	0	0	0	1341	0	0	128	43	0	0	0	0	129	0	43	0	0	0	45	0	0	0	0	43	0	0	0	4312	0	0	0	358	0	0	0	1816	0	43	0	0	43	0
SRR23971530	0	0	0	393	129	231	172	43	0	3384	0	0	4086	0	13152	0	0	0	387	0	1727	0	688	0	0	0	0	0	86	0	0	0	0	0	0	0	1288	0	0	0	43	0	0	0	0	86	2364	0	0	0	731	0	0	0	1921	0	0	0	0	0	13469	0	774	0	0	0	0	0	43	0	4685	8045	0	0	344	0	0	0	258	215	0	0	0	0	0	0	0	0	9332	0	8971	0	7341	0	0	0	0	0	0	0	0	0	0	0	0	0	0	0	0	0	0	0	3667	40	0	0	0	0	0	43	0	0	43	0	0	0	0	0	0	43	0	0	0	0	562	0	0	0	248	0	0	0	0	0	0	4862	0	42	0	572	0	48	0	0	0	129	0	0	0	0	0	0	0	0	0	0	0	0	0	11330	0	0	0	0	0	0	0	43	0	0	0	0	0	0
SRR23971531	0	0	0	43	0	0	0	0	0	0	0	0	0	0	129	0	0	0	0	0	43	0	0	0	0	0	0	0	0	0	0	0	0	0	0	0	0	0	0	0	0	0	0	0	0	0	129	0	0	0	0	0	0	0	86	0	0	0	0	0	688	0	43	0	0	0	0	0	0	0	0	43	0	0	129	0	0	0	0	0	0	0	0	0	0	0	0	0	83	0	472	0	1465	0	0	0	0	0	0	0	0	0	0	0	0	0	0	0	0	0	0	0	172	0	0	0	0	0	0	0	0	0	0	0	0	0	0	0	0	0	0	0	0	0	0	0	0	0	43	0	0	0	0	0	0	172	0	0	0	0	0	0	0	0	0	0	1425	0	0	0	0	0	0	0	0	0	0	0	0	43	0	0	0	0	0	0	0	0	0	43	0	0	0	0
SRR23971532	0	0	0	43	43	43	86	43	0	86	0	0	215	0	43	0	0	0	0	0	0	0	0	0	0	0	0	0	0	0	43	0	0	0	0	0	1678	0	0	0	0	0	0	0	0	0	43	0	43	0	43	0	0	0	86	0	0	0	0	0	7129	0	421	0	0	0	0	0	0	0	1299	5111	0	0	301	0	0	0	0	86	0	0	0	0	0	0	62	0	1128	0	1947	0	10370	0	0	0	0	0	0	0	0	0	0	0	0	0	0	0	0	0	0	0	169	0	0	0	0	0	219	129	0	0	0	0	0	0	0	0	0	0	0	0	0	0	67	0	0	0	0	0	0	0	0	0	0	3208	0	0	129	0	0	0	0	0	0	43	172	0	0	0	0	0	0	0	0	0	0	0	0	3608	0	0	0	0	0	0	0	416	0	0	0	0	0	0
SRR23971533	0	0	0	0	0	0	0	0	0	0	0	0	0	0	0	0	0	0	0	0	0	0	0	0	0	0	0	0	0	0	0	0	0	0	0	0	0	0	0	0	0	0	0	0	0	0	0	0	0	0	0	0	0	0	407	0	0	0	0	0	0	0	0	0	0	0	0	0	0	0	0	0	0	0	0	0	0	0	0	0	0	0	0	0	0	0	0	0	0	0	0	0	0	0	0	0	0	0	0	0	0	0	0	0	0	0	0	0	0	0	0	0	0	0	0	0	0	0	0	0	0	0	0	0	0	0	0	0	0	0	0	0	0	0	0	0	0	0	0	0	0	0	0	0	0	0	0	0	0	0	0	0	0	0	0	0	0	0	0	0	0	0	0	0	0	0	0	0	0	0	0	0	0	0	0	0	0	0	0	0	0	0	0	0
SRR23971534	0	0	0	129	0	235	772	86	0	43	0	0	946	0	774	0	0	0	0	0	258	0	0	0	0	0	0	0	43	0	0	0	0	0	0	0	0	0	0	0	0	0	0	0	0	0	0	0	43	0	86	0	0	0	344	0	0	0	0	0	1776	0	11346	0	0	0	0	0	0	0	386	2489	0	0	43	0	0	0	0	0	0	0	0	0	0	0	351	0	129	0	5310	0	2534	0	0	0	0	0	0	0	0	0	0	0	0	0	0	0	0	0	0	0	86	86	0	0	0	0	43	0	0	0	0	0	0	0	0	0	0	0	0	0	0	0	0	0	0	0	0	0	0	0	0	0	43	9328	0	0	0	43	0	0	0	0	0	0	0	0	0	0	0	0	0	0	0	102	0	0	0	1174	0	0	0	0	0	0	0	0	0	0	0	0	0	0
SRR23971535	0	0	43	43	0	43	0	0	0	0	0	0	215	0	258	0	0	0	0	0	371	0	0	0	0	0	0	0	0	0	0	0	0	0	0	0	172	0	0	0	0	0	0	0	0	0	0	0	86	0	2087	0	0	0	427	0	0	0	0	0	1632	0	86	0	0	0	0	0	0	0	6685	2018	0	0	0	0	0	0	0	0	0	0	0	0	0	0	0	0	645	0	148	0	6688	0	0	0	0	0	0	0	0	0	0	0	0	0	0	0	0	0	0	0	86	89	0	43	0	0	0	0	0	0	0	0	0	0	0	0	0	172	0	0	0	0	0	0	0	0	129	0	0	0	0	0	0	1189	0	0	0	86	0	0	0	0	172	0	0	0	0	0	0	0	0	0	0	0	0	0	0	587	0	0	0	0	0	0	0	0	0	0	0	0	0	0
SRR23971536	0	0	0	43	0	555	0	0	0	7308	0	0	343	0	935	0	0	0	43	0	1118	0	43	0	0	0	0	0	0	0	0	0	0	0	0	0	43	0	0	0	0	0	0	0	0	0	516	0	0	0	0	0	43	0	186	0	0	0	0	0	8334	0	86	0	0	0	0	0	0	0	1161	344	0	0	43	0	0	0	0	0	0	0	0	0	0	0	43	0	775	0	684	0	129	0	0	0	0	0	0	0	0	0	0	0	0	0	0	0	0	0	0	0	301	0	0	0	0	0	0	0	0	0	0	0	0	0	0	0	0	0	0	0	0	0	43	0	0	0	43	0	0	0	0	0	0	326	0	0	0	713	0	0	0	0	0	43	86	0	0	0	0	0	0	0	0	0	0	0	0	865	0	0	0	0	0	0	0	0	0	0	0	0	0	0
SRR23971537	0	0	0	129	0	43	43	0	0	129	0	129	258	0	301	0	0	0	0	0	473	0	0	0	0	0	0	0	0	0	0	0	0	0	0	0	129	0	0	0	86	0	0	0	0	0	86	0	129	0	43	0	0	43	348	0	0	0	0	0	1931	0	258	0	0	0	0	0	0	0	301	1092	0	0	0	0	0	0	86	0	0	0	0	0	0	0	0	0	398	0	726	0	2906	0	0	0	0	0	0	0	0	0	0	0	0	0	0	0	0	0	0	0	129	0	0	0	0	0	0	86	0	0	0	0	0	0	0	0	0	0	0	0	172	0	43	0	0	0	43	0	0	0	86	0	0	516	0	0	43	0	0	0	0	0	0	0	0	0	0	0	0	0	0	0	0	0	0	0	0	430	0	0	86	0	0	0	0	0	0	0	0	0	0	0
SRR23971538	0	0	0	0	43	334	0	243	0	43	0	0	301	0	1154	0	0	0	0	0	1365	0	398	0	0	0	0	0	0	0	0	0	0	0	0	9662	129	0	0	0	0	0	0	0	0	0	4096	0	0	0	43	0	0	0	789	43	0	0	0	0	12416	0	324	0	0	0	0	0	0	0	172	2327	0	0	129	0	0	0	0	0	0	0	0	0	0	0	129	0	1210	0	389	0	8292	0	0	0	0	0	0	0	0	0	0	0	0	0	0	0	0	0	0	0	8164	215	0	0	0	0	473	172	0	0	0	0	0	0	0	86	0	43	0	0	0	0	129	0	0	0	172	0	0	0	0	0	0	11949	0	0	0	0	0	0	0	0	1770	0	0	0	0	0	0	0	0	0	0	243	0	0	0	1362	0	0	0	0	0	0	0	0	0	0	0	0	0	0
SRR23971539	0	0	0	0	0	93	129	0	0	0	0	0	472	0	172	0	1651	0	43	0	0	0	0	0	0	0	0	0	0	0	0	0	0	0	0	0	725	0	0	0	0	0	0	0	0	0	0	0	172	0	172	0	0	43	1049	0	0	0	0	0	1601	0	1471	0	0	0	0	0	0	0	713	4484	0	0	0	0	0	0	0	43	0	0	0	0	0	0	43	0	723	0	386	0	7121	0	0	0	0	0	0	0	0	0	0	0	0	0	0	0	0	0	0	0	43	0	0	0	0	0	172	0	0	0	0	0	0	0	0	0	0	0	0	0	0	0	43	0	0	0	0	0	0	0	0	0	0	1678	0	0	43	0	0	0	0	0	0	0	0	0	0	0	0	0	0	0	0	0	0	0	0	513	0	0	0	0	0	0	0	0	0	0	0	0	0	0
SRR23971540	0	0	0	129	43	518	344	0	0	0	0	0	5206	0	1471	0	0	43	129	0	516	43	0	0	0	0	129	0	0	0	0	0	258	0	0	0	0	0	0	0	0	0	0	0	0	0	86	43	4381	0	1048	0	43	641	1554	43	0	0	0	0	2109	0	1456	0	0	0	43	0	43	0	970	3562	0	0	43	0	0	1645	43	0	0	0	0	0	0	0	86	0	43	0	1177	0	5080	0	0	0	0	0	0	0	43	0	0	0	0	0	0	0	0	0	0	0	645	0	0	86	0	0	0	215	43	0	0	0	0	0	0	0	43	43	0	0	562	0	43	0	43	0	301	0	0	0	0	0	43	1452	0	0	43	43	0	0	0	0	0	0	798	301	0	0	0	0	0	0	0	43	0	0	0	4238	0	0	0	129	0	43	0	569	0	43	0	0	0	0
SRR23971541	0	0	0	0	43	399	43	0	0	0	0	0	851	0	385	0	0	0	0	0	301	0	0	0	0	0	0	0	0	0	0	0	43	0	0	0	43	0	0	0	0	0	0	0	0	0	43	0	344	0	86	0	0	43	301	43	0	0	0	0	825	0	437	0	0	0	0	0	0	0	696	2568	0	0	0	0	0	0	0	0	0	0	0	0	0	0	43	0	814	0	756	0	1481	0	0	0	0	0	0	0	0	0	0	0	0	0	0	0	0	0	0	0	129	0	0	0	0	0	0	0	0	0	0	0	0	0	0	0	0	0	0	0	0	0	129	0	0	0	43	0	0	0	0	0	0	369	0	0	0	0	0	0	0	0	0	0	129	0	0	0	0	0	0	0	0	0	0	0	0	430	0	0	0	43	0	0	0	43	0	0	0	0	0	0
SRR23971542	0	0	0	0	43	0	0	47	0	43	0	43	430	0	464	0	301	0	0	129	215	0	0	0	0	0	0	0	43	0	0	0	820	0	0	0	43	0	0	0	0	0	0	0	0	0	0	0	215	0	86	0	0	86	506	0	0	0	0	0	13139	0	4082	0	0	0	0	0	0	0	2707	3189	0	0	43	0	0	0	0	0	0	0	0	0	0	0	0	0	1199	0	774	0	8042	0	0	0	0	0	0	0	0	0	0	0	0	0	0	0	0	0	0	0	2311	0	0	0	0	0	0	0	0	0	43	0	0	0	0	0	0	258	0	0	0	0	129	0	0	0	0	0	0	0	0	0	0	4035	43	0	0	0	0	43	0	0	0	0	129	0	0	0	0	0	0	0	0	43	0	0	0	7295	0	0	0	43	0	0	0	1242	0	0	0	0	0	0
SRR23971543	0	0	0	0	6735	679	0	0	0	0	0	1965	1398	0	6847	1539	0	0	93	0	155	0	558	0	0	0	421	1068	1057	0	0	0	0	0	0	0	0	0	0	0	0	0	0	0	0	0	0	0	0	0	6117	0	0	0	4791	0	0	0	0	0	279	0	0	0	0	0	0	0	0	0	0	279	0	0	0	0	0	0	186	0	0	0	0	0	0	0	0	564	0	0	0	0	150	0	0	0	0	0	0	0	0	0	0	0	0	0	0	0	0	0	0	0	186	0	0	0	0	0	0	12318	0	0	0	0	0	0	0	0	0	0	0	0	472	0	0	0	0	0	0	0	0	0	0	0	0	0	0	0	93	128	0	0	0	0	0	0	0	0	0	0	0	0	0	0	0	0	0	0	0	8090	0	0	0	0	0	0	0	0	280	0	0	0	0	0
SRR23971544	0	0	0	0	0	0	0	0	0	0	0	0	0	0	0	0	0	0	0	0	0	0	0	0	0	0	0	0	0	0	0	0	0	0	0	0	0	0	0	0	0	0	0	0	0	0	0	0	157	0	0	0	0	0	64	0	0	0	0	0	0	0	1170	0	0	0	0	0	0	0	0	0	0	0	0	0	0	0	0	0	0	0	0	0	0	0	0	0	0	0	0	0	1976	0	0	0	0	0	0	0	0	0	0	0	0	0	0	0	0	0	0	0	0	0	0	0	0	0	0	0	0	0	0	0	0	0	0	0	0	0	0	0	0	0	0	0	0	0	0	0	0	0	0	0	0	0	0	0	0	0	0	0	0	3886	0	0	0	0	0	0	0	0	0	0	0	0	0	0	0	3230	0	0	0	0	0	0	0	0	0	0	0	0	0	0
SRR23971545	0	0	43	0	789	294	11811	0	0	0	0	387	0	0	2549	0	0	0	498	0	0	0	0	92	0	318	0	0	215	0	0	0	0	0	0	0	0	0	0	0	0	0	0	0	0	0	86	0	172	0	1300	0	0	0	1148	0	0	0	0	43	387	0	43	43	0	172	0	0	0	0	1626	0	0	0	0	0	0	0	0	0	0	0	0	0	43	0	0	387	43	0	0	0	344	0	0	86	0	0	0	442	0	0	0	0	0	86	0	0	0	0	0	0	172	0	0	0	0	0	0	559	0	0	0	0	0	0	0	43	0	301	0	0	0	0	0	0	0	0	5596	0	0	0	0	0	0	0	0	0	0	0	0	0	0	0	0	0	43	43	0	0	0	0	0	0	0	43	0	0	0	1682	0	0	172	0	215	0	0	0	0	0	0	0	0	0
SRR23971546	0	0	0	0	150	237	0	0	0	0	0	0	2085	0	1849	0	0	0	1676	0	0	0	0	0	0	0	0	0	0	0	0	0	0	0	0	0	0	0	0	0	0	0	0	0	0	0	167	0	177	0	141	0	0	0	267	0	0	0	0	0	102	0	3410	0	0	0	0	0	0	0	0	0	0	0	0	0	0	0	0	0	0	0	0	0	0	0	0	0	95	0	0	0	5276	0	0	0	0	0	0	0	0	0	0	0	0	148	0	0	0	0	0	0	0	150	0	0	0	0	0	0	0	0	0	0	0	0	0	156	0	0	0	0	0	0	0	0	0	0	1123	0	0	0	0	0	0	0	0	0	0	0	0	0	0	0	0	0	386	0	0	0	0	0	0	0	0	0	0	0	0	7171	0	0	0	0	0	0	0	0	0	0	0	0	0	0
SRR23971547	0	0	0	0	533	0	186	0	0	0	0	384	5443	0	6655	0	0	0	3846	0	0	0	0	0	0	0	0	0	94	0	0	0	0	0	0	0	0	0	0	0	0	0	0	0	0	252	120	0	0	0	348	0	0	108	109	0	0	0	0	0	732	0	6021	0	0	0	0	0	0	0	0	764	0	0	0	0	0	0	0	93	0	0	0	0	0	0	0	0	0	0	0	0	9848	0	0	0	0	0	0	0	0	0	0	0	0	0	0	0	0	0	0	0	128	0	0	0	0	0	0	0	0	0	0	0	0	0	0	0	0	110	0	0	0	0	0	0	0	0	6008	0	0	0	0	0	0	0	0	0	0	93	0	0	0	0	0	0	810	0	0	0	0	0	0	0	0	0	0	0	0	9948	0	0	0	165	0	0	0	0	0	0	0	0	0	0
SRR23971548	0	0	0	0	0	788	0	0	0	0	0	318	0	0	0	0	0	0	163	0	0	0	0	0	0	0	0	110	186	0	0	0	0	0	0	0	0	0	0	0	0	0	0	0	0	0	0	0	0	0	132	0	0	12589	68	0	0	0	0	0	0	0	808	0	0	0	0	0	0	0	0	74	0	0	0	0	0	0	93	0	0	287	0	0	0	0	0	411	0	0	0	0	2838	0	0	0	0	0	0	0	0	0	0	0	0	0	0	0	0	0	0	0	0	0	0	0	0	0	0	370	769	0	0	0	0	0	0	0	0	0	0	0	0	0	0	0	0	0	0	0	0	0	0	0	0	0	0	310	0	0	0	0	0	0	140	0	0	0	0	0	0	0	0	0	0	0	0	0	0	9570	0	0	0	0	0	0	0	93	0	0	0	0	0	0
SRR23971549	0	0	0	0	0	0	318	0	0	0	0	0	0	0	0	0	0	0	0	0	0	0	0	0	0	0	0	0	0	0	0	0	0	0	0	0	0	0	0	0	0	0	0	0	0	0	0	0	0	0	0	0	0	0	212	0	0	0	0	0	0	0	0	0	0	0	0	0	0	0	0	0	0	0	0	0	0	0	0	0	0	0	0	0	0	0	0	0	0	0	0	0	0	0	0	0	0	0	0	0	0	0	0	0	0	0	0	0	0	0	0	0	282	0	0	0	0	0	0	0	0	0	0	0	0	0	0	0	0	0	0	0	0	0	0	0	0	0	819	0	0	0	0	0	0	0	0	0	0	0	0	0	0	0	0	0	0	0	0	0	0	0	0	0	0	0	0	0	0	0	0	0	0	0	0	0	0	0	0	0	0	0	0	0
SRR23971550	0	0	0	0	0	0	0	0	0	0	0	0	0	0	0	0	0	0	0	0	0	0	0	0	0	0	0	0	0	0	0	0	0	0	0	0	0	0	0	0	0	0	0	0	0	0	183	0	279	0	0	0	0	0	0	0	0	0	0	0	0	0	186	0	0	0	0	0	0	0	0	0	0	0	0	0	0	0	0	0	0	0	0	0	0	0	0	0	0	0	0	0	186	0	0	0	0	0	0	0	0	0	0	0	0	0	0	0	0	0	0	0	0	0	0	0	0	0	0	0	0	0	0	0	0	0	0	0	0	0	0	0	0	0	0	0	0	0	186	0	0	0	0	0	0	0	0	0	0	0	0	0	0	0	0	0	0	0	0	0	0	0	0	0	0	0	0	0	0	0	0	0	0	0	0	0	0	0	0	0	0	0	0	0
SRR23971551	0	0	0	0	147	0	1763	0	0	0	0	423	0	0	0	0	0	0	0	0	0	0	0	0	0	0	0	0	0	0	0	0	0	0	0	0	0	0	0	0	0	0	0	0	0	0	0	0	0	0	0	0	0	372	141	0	0	0	0	0	0	0	0	0	0	0	0	0	0	0	0	0	0	0	0	0	0	0	0	0	0	0	0	0	0	0	0	93	0	0	0	0	445	0	0	0	0	0	0	0	0	0	0	0	0	0	0	0	0	0	0	0	186	0	0	0	0	0	0	160	93	0	0	0	0	0	0	0	0	0	0	0	10063	0	0	0	0	0	4974	0	0	0	0	0	0	0	0	0	0	0	0	0	0	0	0	0	0	0	0	0	0	0	0	0	0	0	0	0	0	805	0	0	0	93	0	0	0	0	0	0	0	0	0	0
SRR23971552	0	0	0	0	0	250	5481	0	0	0	0	0	0	0	0	0	0	0	491	0	0	0	0	0	0	867	0	0	0	0	0	0	0	0	0	0	0	0	0	0	0	0	0	0	0	0	429	0	1949	0	104	0	0	0	9401	0	0	0	0	0	0	0	92	0	0	0	0	0	0	0	0	0	0	0	0	0	0	0	0	0	0	0	0	0	0	0	0	649	0	0	0	0	279	0	0	0	0	0	0	0	0	0	0	0	0	119	0	0	0	0	0	0	0	0	0	0	0	0	0	0	0	0	0	0	0	0	0	0	0	0	0	0	0	0	0	0	0	0	7239	0	0	0	0	0	0	0	0	1362	0	93	0	0	0	0	0	0	0	0	0	0	0	0	0	0	0	0	0	0	0	2804	0	0	0	893	0	0	0	0	0	0	0	0	0	0
SRR23971553	0	0	0	0	0	0	0	0	0	0	0	0	0	0	0	0	0	0	0	0	0	0	0	0	0	0	0	0	0	0	0	0	0	0	0	0	0	0	0	0	0	0	0	0	0	0	0	0	0	0	0	0	0	0	653	0	0	0	0	0	0	0	0	0	0	0	0	0	0	0	0	0	0	0	0	0	0	0	0	0	0	0	0	0	0	0	0	0	0	0	0	0	0	0	0	0	0	0	0	0	0	0	0	0	0	0	0	0	0	0	0	0	0	0	0	0	0	0	0	0	0	0	0	0	0	0	0	0	0	0	0	0	0	0	0	0	0	0	0	0	0	0	0	0	0	0	0	0	0	0	0	0	0	0	0	0	0	0	0	0	0	0	0	0	0	0	0	0	0	0	0	0	0	0	0	0	0	0	0	0	0	0	0	0
SRR23971554	0	0	0	0	0	0	0	0	0	0	0	0	0	0	0	0	0	0	0	0	0	0	0	0	0	0	0	0	0	124	0	0	0	0	0	0	0	0	0	0	93	0	0	0	0	0	0	0	0	0	0	0	0	0	1637	0	0	0	0	0	0	0	0	0	0	0	0	0	0	0	0	0	0	0	185	0	0	0	0	0	0	0	0	159	0	0	0	0	0	0	0	0	0	0	0	0	0	0	0	0	0	0	0	0	0	0	0	0	0	0	0	0	0	0	0	0	0	0	0	0	0	0	0	0	0	0	0	0	0	0	0	0	0	0	0	0	0	93	0	0	0	0	0	0	0	0	0	0	0	0	0	0	0	0	0	0	0	0	0	0	0	0	0	0	0	0	0	0	0	91	0	0	0	0	0	0	0	0	0	0	0	0	0	0
SRR23971555	0	0	0	0	0	0	0	0	0	0	0	0	0	0	0	0	0	0	0	0	0	0	0	0	0	0	0	0	0	0	0	0	0	0	0	0	0	0	0	0	0	0	0	0	0	0	0	0	0	0	0	0	0	0	1818	0	0	0	0	0	0	0	0	0	0	0	0	0	0	0	0	0	0	0	0	0	0	0	0	0	0	0	0	0	0	0	0	0	0	0	0	0	0	0	0	0	0	0	0	0	0	0	0	0	0	0	0	0	0	0	0	0	0	0	0	0	0	0	0	0	0	0	0	0	0	0	0	0	0	0	181	0	0	0	0	0	0	0	1249	0	0	0	0	0	0	0	0	0	0	0	0	0	0	0	0	0	0	0	0	0	0	0	0	0	0	0	0	0	0	0	0	0	0	0	0	0	0	0	0	0	0	0	0	0
SRR23971556	0	0	0	0	0	255	129	0	0	0	0	0	0	0	0	0	0	0	0	0	0	0	0	0	0	0	0	0	0	0	0	0	0	0	0	0	0	0	0	0	0	0	0	0	0	0	0	0	86	0	989	0	0	43	559	0	0	0	0	0	0	0	0	0	0	0	0	43	0	43	0	0	0	0	84	0	0	0	172	0	0	0	0	0	0	0	0	0	0	0	0	0	0	0	0	0	0	0	0	0	0	0	0	0	0	0	0	0	0	0	0	0	0	0	0	0	0	0	0	0	0	0	0	0	0	0	0	0	0	0	0	0	0	0	0	0	0	0	172	0	0	0	0	0	0	0	0	0	0	0	0	0	0	0	0	0	0	0	0	0	0	0	0	0	0	0	0	0	0	43	0	0	0	0	0	0	0	0	0	40	0	0	0	0
SRR23971557	0	0	0	0	0	0	0	0	0	0	0	0	0	0	0	0	0	0	0	0	0	0	0	0	0	0	0	0	0	0	0	0	0	0	0	0	0	0	0	0	0	0	0	0	0	0	0	0	0	0	0	0	0	0	429	0	0	0	0	0	0	0	0	0	0	0	0	0	0	0	0	0	0	0	0	0	0	0	0	0	0	0	0	0	0	0	0	0	0	0	0	0	1686	0	0	0	0	0	0	0	0	0	0	0	0	0	0	0	0	0	0	0	0	0	0	0	0	0	0	0	0	0	0	0	0	0	0	0	0	0	0	0	0	0	0	0	0	0	555	0	0	0	0	0	0	0	0	0	0	0	0	0	0	0	0	0	0	0	0	0	0	0	0	0	0	0	0	0	0	893	0	0	0	0	0	0	0	0	0	0	0	0	0	0
SRR23971558	0	0	0	0	0	0	186	0	0	0	0	0	0	0	0	0	0	0	0	0	0	0	0	0	0	0	0	0	0	0	0	0	0	0	0	0	0	0	0	0	0	0	0	0	0	0	0	0	186	0	0	0	0	0	0	0	0	0	0	0	0	0	0	0	0	0	0	0	0	0	0	0	0	0	0	0	0	0	0	0	0	0	0	0	0	0	0	0	0	0	0	0	153	0	0	0	0	0	0	0	0	0	0	0	0	0	0	0	0	0	0	0	0	0	0	0	0	0	0	0	0	0	0	0	0	0	0	0	0	0	0	0	0	0	0	0	0	0	0	0	0	0	0	0	0	0	0	0	0	0	0	0	0	0	0	0	0	0	0	0	0	0	0	0	0	0	0	0	0	0	0	0	0	0	0	0	0	0	0	0	0	0	0	0
SRR23971559	0	0	0	0	0	513	0	0	0	0	0	6387	0	190	0	0	0	0	0	0	0	0	0	0	0	0	0	0	252	0	186	0	0	0	0	0	0	0	0	0	0	0	0	0	0	0	0	0	0	118	162	0	0	0	733	0	0	0	0	0	0	0	0	0	0	0	0	0	0	0	0	0	0	0	0	0	0	0	0	0	0	0	0	0	0	0	0	0	0	0	0	0	0	0	0	0	0	0	0	0	93	0	0	0	0	0	0	0	0	0	0	0	0	0	0	0	0	0	0	0	0	0	0	0	0	0	0	0	0	0	12120	0	0	0	0	0	0	0	0	0	0	0	0	0	93	0	0	0	0	0	0	0	0	0	0	0	0	0	0	0	0	0	0	0	0	0	0	0	0	119	0	0	0	0	0	0	0	0	0	0	0	0	0	0
SRR23971560	0	0	0	0	0	304	0	0	0	0	0	0	0	0	0	0	0	0	0	0	0	0	0	0	0	0	0	0	0	0	0	0	0	0	0	0	0	0	0	0	0	0	0	0	0	0	0	0	0	0	465	0	0	0	698	0	0	0	0	0	0	0	0	0	0	0	0	0	0	0	0	0	0	0	0	0	0	0	0	0	0	0	0	0	0	0	0	0	0	0	0	0	0	0	0	0	0	0	0	0	0	0	0	0	0	0	0	0	0	0	0	0	0	0	0	0	0	0	0	93	0	0	0	0	0	0	0	0	0	0	0	0	0	0	0	0	0	0	0	0	0	0	0	0	0	0	0	0	0	0	0	0	0	0	0	0	0	0	0	0	0	0	0	0	0	0	0	0	0	0	0	0	0	330	0	0	0	0	0	0	0	0	0	0
SRR23971561	0	0	0	0	0	0	0	0	0	0	0	0	0	0	0	0	0	0	0	0	0	0	0	0	0	0	0	0	0	0	0	0	0	0	0	0	0	0	0	0	0	0	0	0	0	0	0	0	0	0	0	0	0	0	371	0	0	0	0	0	0	0	0	0	0	0	0	0	0	0	0	0	0	0	0	0	0	0	0	0	0	0	0	0	0	0	0	0	0	0	0	0	0	0	0	0	0	0	0	0	0	0	0	0	0	0	0	0	0	0	0	0	0	0	0	0	0	0	0	0	0	0	0	0	0	0	0	0	0	0	0	0	0	0	0	0	0	0	0	0	0	0	0	0	0	0	0	0	0	0	0	0	0	0	0	0	0	0	0	0	0	0	0	0	0	0	0	0	0	0	0	0	0	0	0	0	0	0	0	0	0	0	0	0
SRR23971562	0	0	0	0	0	0	0	0	0	0	0	0	0	0	0	0	0	0	0	0	0	0	0	0	0	0	0	0	0	0	0	0	0	0	0	0	0	0	0	0	0	0	0	0	0	0	0	0	0	0	0	0	0	0	781	0	0	0	0	0	0	0	0	0	0	0	0	0	0	0	0	0	0	0	0	0	0	0	0	0	0	0	0	0	0	0	0	0	0	0	0	0	0	0	0	0	0	0	0	0	0	0	0	0	0	0	0	0	0	0	0	0	0	0	0	0	0	0	0	0	0	0	0	0	0	0	0	0	0	0	0	0	0	0	0	0	0	0	0	0	0	0	0	0	0	0	0	0	0	0	0	0	0	0	0	0	0	0	0	0	0	0	0	0	0	0	0	0	0	0	0	0	0	0	0	0	0	0	0	0	0	0	0	0
SRR23971563	0	0	0	0	0	0	0	0	0	0	0	0	0	0	0	0	0	0	0	0	0	0	0	0	0	0	0	0	0	0	0	0	0	0	0	0	0	0	0	0	0	0	0	0	0	0	0	0	0	0	0	0	0	0	1419	0	0	0	0	0	0	0	0	0	0	0	0	0	0	0	0	0	0	0	0	0	0	0	0	0	0	0	0	0	0	0	0	0	0	0	0	0	0	0	0	0	0	0	0	0	0	0	0	0	0	0	0	0	0	0	0	0	0	0	0	0	0	0	0	0	0	0	0	0	0	0	0	0	0	0	0	0	0	0	0	0	0	0	0	0	0	0	0	0	0	0	0	0	0	0	0	0	0	0	0	0	0	0	0	0	0	0	0	0	0	0	0	0	0	93	0	0	0	0	0	0	0	0	0	0	0	0	0	0
SRR23971564	0	0	0	0	0	0	0	0	0	0	0	0	0	0	0	0	0	0	0	0	0	0	0	0	0	0	0	0	0	0	0	0	0	0	0	0	0	0	0	0	0	0	0	0	0	0	0	0	0	0	0	0	0	0	603	0	0	0	0	0	0	0	0	0	0	0	0	0	0	0	0	0	0	0	0	0	0	0	0	0	0	0	0	0	0	0	0	0	0	0	0	0	0	0	0	0	0	0	0	0	0	0	0	0	0	0	0	0	0	0	0	0	0	0	0	0	0	0	0	0	0	0	0	0	0	0	0	0	0	0	186	0	0	0	0	0	0	0	0	0	0	0	0	0	0	0	0	0	0	0	0	0	0	0	0	0	0	0	0	0	0	0	0	0	0	0	0	0	0	0	0	0	0	0	0	0	0	0	0	0	0	0	0	0
SRR23971565	0	0	0	0	0	0	0	0	0	0	0	0	0	0	0	0	0	0	0	0	0	0	0	0	0	0	0	0	0	0	0	0	0	0	0	0	0	0	0	0	0	0	0	0	0	0	0	0	0	0	0	0	0	0	892	0	0	0	0	0	0	0	0	0	0	0	0	0	0	0	0	0	0	0	0	0	0	0	0	0	0	0	0	0	0	0	0	0	0	0	0	0	0	0	0	0	0	0	0	0	0	0	0	0	0	0	0	0	0	0	0	0	0	0	0	0	0	0	0	0	0	0	0	0	0	0	0	0	0	0	0	0	0	0	0	0	0	0	0	0	0	0	0	0	0	0	0	0	0	0	0	0	0	0	0	0	0	0	0	0	0	0	0	0	0	0	0	0	0	0	0	0	0	0	0	0	0	0	0	0	0	0	0	0
SRR23971566	0	0	0	0	0	0	0	0	0	0	0	0	0	0	0	0	0	0	0	0	0	0	0	0	0	0	0	0	0	0	0	0	0	0	0	0	0	0	0	0	0	0	0	0	0	0	0	0	0	0	0	0	0	0	3660	0	0	0	0	0	0	0	0	0	0	0	0	0	0	0	0	0	0	0	0	0	0	0	0	0	0	0	0	0	0	0	0	0	0	0	0	0	93	0	0	0	0	0	0	0	0	0	0	0	0	0	0	0	0	0	0	0	0	0	0	0	0	0	0	0	0	0	0	0	0	0	0	0	0	0	0	0	0	0	0	0	0	0	0	0	0	0	0	0	0	0	0	0	0	0	0	0	0	0	0	0	0	0	0	0	0	0	0	0	0	0	0	0	0	111	0	0	0	0	0	0	0	0	0	0	0	0	0	0
SRR23971567	0	0	2270	0	2727	204	123	0	0	0	142	0	300	437	3890	0	0	0	675	2320	0	0	0	0	1032	0	0	186	1444	0	525	0	0	0	0	0	0	0	0	0	0	0	0	0	0	458	0	0	0	372	1141	0	0	186	2288	94	0	149	0	0	0	0	900	290	0	0	0	0	526	0	0	353	531	10742	13056	0	0	0	3003	0	0	0	0	0	0	186	0	0	0	0	1115	0	4494	0	0	0	0	0	0	0	579	0	0	3881	0	0	103	187	0	0	0	0	0	0	0	0	0	0	0	2503	0	0	0	0	0	93	0	0	0	0	0	0	0	0	0	0	0	122	0	0	0	0	0	0	0	218	0	0	0	1089	0	0	0	0	0	0	0	0	0	0	0	0	0	92	0	0	0	0	0	5499	0	0	0	214	0	0	0	0	0	8682	0	2948	0	0
SRR23971568	43	43	86	0	86	107	0	0	0	0	0	0	86	0	301	0	0	43	43	43	0	0	43	0	0	0	0	0	516	0	0	0	0	0	0	0	0	0	0	0	0	0	0	0	0	129	0	43	0	129	618	0	0	0	1143	0	0	0	0	0	43	0	129	0	0	0	0	86	0	0	0	0	0	272	215	0	0	0	2327	0	43	0	0	0	0	0	0	0	0	0	0	0	129	43	0	215	0	0	0	0	0	0	0	0	0	0	0	0	0	0	0	0	43	0	0	0	0	0	0	86	0	0	0	0	0	0	0	0	0	0	0	0	0	0	0	0	0	43	129	0	0	43	0	0	0	0	0	0	0	129	0	0	43	0	0	0	0	0	0	0	0	0	0	0	0	0	0	0	0	776	0	0	0	86	0	0	0	0	43	129	0	0	0	0
SRR23971569	0	0	10151	0	0	558	0	0	294	0	0	0	0	0	0	0	0	0	0	0	0	0	0	0	0	0	0	0	0	0	0	0	0	0	0	0	0	0	0	0	0	0	0	0	0	0	0	0	0	0	0	0	0	0	1195	0	0	0	0	0	0	0	186	0	0	0	0	372	0	0	0	0	145	1715	0	0	0	0	1239	0	0	0	0	0	0	0	0	0	0	0	0	0	5187	0	0	0	0	0	0	0	0	0	0	0	0	0	0	0	0	0	0	93	0	0	0	0	0	0	0	0	0	0	0	0	0	0	0	0	0	0	0	0	0	0	0	0	0	0	0	0	0	0	0	0	0	0	0	0	0	0	0	0	885	0	0	0	0	0	0	0	0	0	0	0	0	0	0	0	0	2158	0	0	0	0	0	0	0	0	0	255	0	0	0	0
SRR23971570	0	0	13392	0	315	279	0	0	433	0	186	0	0	0	0	0	0	372	0	0	0	0	0	0	0	0	0	0	371	0	0	0	0	0	0	0	0	0	0	0	0	0	0	0	0	186	0	0	0	0	431	0	0	0	1330	0	0	0	0	389	0	0	525	0	0	0	0	8930	0	0	0	0	1707	12406	981	0	0	0	11430	0	186	0	0	0	0	186	0	0	0	0	0	0	791	0	0	0	0	0	0	0	0	0	0	93	0	0	447	0	0	0	0	126	0	0	0	0	0	0	0	567	0	0	0	0	0	0	0	0	0	0	0	0	0	0	0	0	0	162	0	0	0	0	0	0	0	0	0	0	0	1452	0	0	1188	0	0	0	0	0	0	0	0	0	0	0	0	0	0	0	0	1527	0	0	0	0	0	0	0	0	0	874	0	111	0	0
SRR23971571	0	0	93	0	93	93	0	0	0	0	0	0	0	0	186	0	0	13745	0	186	0	0	0	0	0	0	0	0	368	0	0	0	0	0	0	0	0	0	0	0	0	0	0	0	0	0	0	0	0	0	835	0	0	0	2790	0	0	0	0	0	0	0	1311	0	0	0	0	0	372	0	293	272	2668	8531	2793	0	0	0	13313	0	0	0	0	0	0	186	0	0	0	0	0	0	1501	0	0	0	0	0	0	0	4812	0	0	0	0	0	230	0	0	0	0	0	0	0	0	0	0	0	0	2217	0	0	0	0	0	0	0	0	0	0	0	0	0	0	0	0	0	0	0	0	0	0	0	0	0	0	0	0	0	1539	0	0	0	0	0	0	0	0	0	0	0	0	0	0	186	0	0	0	0	3958	8864	0	0	0	0	0	0	0	0	2326	0	0	0	564
SRR23971572	0	106	186	0	372	541	0	0	0	0	0	0	0	372	0	0	0	0	1393	1400	0	0	0	0	0	0	0	0	7679	0	488	0	0	0	0	0	0	0	796	0	13403	0	0	0	0	608	0	0	186	436	4160	0	12937	0	13429	8643	0	243	0	0	0	0	1223	0	0	0	0	117	348	0	240	0	181	423	2967	0	0	0	1197	0	0	0	0	0	0	0	0	0	0	0	0	0	1151	0	0	0	186	0	0	0	490	1733	0	0	0	0	0	0	0	0	0	0	0	0	0	0	0	0	0	12970	0	0	0	0	0	0	0	0	0	0	0	0	298	0	0	0	0	134	0	0	0	0	0	280	0	0	0	0	0	654	0	0	0	0	0	0	186	0	0	0	0	0	0	0	0	0	0	0	636	4771	164	0	0	0	0	0	0	0	0	11879	0	648	0	0
SRR23971573	0	0	0	0	0	514	0	0	0	0	0	0	0	3803	0	0	0	186	809	13594	0	0	0	0	823	0	0	866	13516	0	1034	2243	0	0	0	0	0	0	0	0	0	0	0	0	0	831	0	0	2009	186	3508	0	0	0	9223	566	0	0	0	0	0	0	546	0	0	0	0	511	862	0	0	0	2065	687	11468	0	0	0	8786	0	0	0	0	0	0	0	0	0	0	0	0	0	2535	0	0	186	0	1180	0	0	0	0	0	0	0	0	339	177	0	0	0	0	0	0	0	0	0	0	0	13714	0	0	0	0	0	0	0	0	0	0	0	0	0	0	0	0	0	0	0	0	0	0	0	2253	774	0	0	0	0	2043	0	0	462	0	0	0	0	0	0	0	0	0	0	0	652	0	0	0	0	7524	0	0	0	0	0	0	0	0	0	13603	0	372	0	0
SRR23971574	0	186	0	0	0	376	0	0	0	0	0	255	0	965	0	0	0	0	0	0	0	0	0	0	0	0	0	208	6464	0	0	0	0	0	0	0	0	0	0	0	151	0	569	0	0	0	0	0	0	372	4184	0	250	66	11304	268	0	0	0	0	0	0	0	0	0	0	0	0	0	0	0	0	93	0	279	0	0	0	353	0	0	0	0	0	0	0	0	150	0	0	0	0	2338	0	0	0	0	0	0	0	0	356	0	0	0	0	0	0	0	0	0	0	0	0	0	0	0	0	0	4363	0	0	0	0	0	0	0	0	0	0	0	0	0	0	0	0	0	0	0	0	0	0	0	182	0	0	0	0	0	0	0	0	0	186	0	0	738	0	0	0	0	0	0	0	0	0	0	0	0	6129	0	0	0	0	0	0	0	0	0	369	0	0	0	0
SRR23971575	0	0	0	0	98	455	0	0	0	0	0	0	0	0	0	0	0	0	0	93	0	0	0	0	0	0	0	369	13527	0	0	0	0	0	0	0	0	0	0	0	0	0	0	0	0	0	0	0	0	0	13353	0	0	0	1591	0	0	0	0	0	0	0	0	0	0	0	0	0	0	0	0	0	0	179	186	0	0	0	1564	0	0	0	0	0	0	0	0	0	0	0	0	0	155	0	0	0	0	0	0	0	0	0	0	0	0	0	0	0	0	0	0	0	0	0	0	0	0	0	0	1924	0	0	0	0	0	0	0	0	0	0	0	0	185	0	0	0	0	0	0	0	0	0	0	0	0	0	0	0	0	186	0	0	0	0	0	0	172	0	0	0	0	0	0	0	0	0	0	0	0	0	0	0	0	186	0	0	0	0	0	279	0	0	0	0
SRR23971576	0	0	0	0	0	0	0	0	0	0	0	0	0	361	0	0	0	0	0	93	0	0	0	0	6982	0	0	0	2082	5264	295	0	0	0	0	0	0	0	0	0	8391	186	0	0	0	0	0	0	0	0	1180	0	0	0	1020	0	0	1995	0	0	0	0	0	0	837	0	0	0	165	0	0	0	93	0	565	0	0	0	1964	0	0	0	0	0	0	0	0	0	0	0	0	0	0	186	0	0	0	0	0	0	0	0	0	0	0	0	0	0	0	0	0	0	0	0	0	0	0	0	0	312	0	0	0	0	0	0	0	0	0	0	0	0	0	0	0	0	0	0	0	0	0	0	0	0	4293	0	0	0	0	0	0	0	0	0	0	0	0	0	0	0	0	0	0	0	0	0	0	0	0	0	0	0	0	0	0	0	0	0	0	0	0	0	0	0
SRR23971577	0	0	0	0	186	0	0	0	0	0	0	0	1133	0	750	0	0	0	0	0	0	0	0	0	0	0	0	0	0	0	0	0	0	0	0	0	0	0	0	0	0	0	0	0	0	0	255	0	253	0	0	0	0	0	0	0	0	0	0	0	522	0	502	0	0	0	0	0	0	0	0	4080	0	0	0	0	0	0	0	0	0	0	0	0	0	0	152	0	0	0	0	0	3454	0	0	0	0	0	0	0	0	0	0	0	0	0	0	0	0	0	0	0	146	0	0	0	0	0	0	0	0	0	0	0	0	0	0	0	0	0	0	0	0	0	0	0	0	0	93	0	0	0	0	0	0	673	0	0	0	0	0	0	0	0	0	0	0	0	0	0	0	0	0	0	0	0	0	0	0	696	0	0	0	0	0	0	0	0	0	0	0	0	0	0
SRR23971578	937	469	533	0	0	809	0	0	125	0	0	665	0	845	809	0	0	2185	821	3523	0	161	0	0	150	0	98	0	1208	0	0	0	0	0	0	0	0	0	0	0	569	373	0	0	0	251	0	0	186	4207	5670	0	0	7687	12307	888	0	0	0	0	0	0	2477	0	0	0	0	186	896	0	186	0	3992	4232	13451	0	0	0	13243	0	0	0	0	0	0	1057	0	1314	0	0	113	0	11653	284	0	119	0	0	0	0	2541	186	0	10516	0	0	0	0	0	0	0	0	0	0	0	0	0	0	0	5274	93	0	0	0	0	432	0	0	2453	0	0	0	0	0	0	0	284	188	0	0	0	0	0	186	0	0	0	0	0	5013	0	0	478	0	0	0	186	186	901	0	0	0	0	0	291	0	0	0	0	11577	0	0	0	0	0	0	0	986	0	13593	0	0	0	1067
SRR23971579	0	0	0	0	0	0	0	0	0	0	0	0	0	0	0	0	0	0	0	7371	0	0	0	0	0	0	0	0	1204	0	0	0	0	0	0	0	0	0	0	0	0	0	0	0	0	0	0	0	0	0	457	0	0	0	315	0	0	0	0	0	0	0	0	0	0	0	0	0	0	0	0	0	0	0	186	0	0	0	186	0	0	0	0	0	0	0	0	0	0	0	0	0	0	0	0	0	0	0	0	0	0	0	0	0	0	0	0	0	0	0	0	0	0	0	0	0	0	0	0	3639	0	0	0	0	0	0	0	0	0	0	0	0	0	0	0	0	0	0	0	0	0	0	0	0	0	0	0	0	0	194	0	0	0	0	0	0	0	0	0	0	0	0	0	0	0	0	0	0	0	166	0	0	0	0	0	0	0	0	0	3692	0	0	0	0
SRR23971580	0	0	0	0	0	0	0	0	0	0	0	0	0	0	0	0	0	0	0	0	0	0	0	0	0	0	0	0	297	0	0	0	0	0	0	0	0	0	0	0	380	0	0	0	0	0	0	0	0	0	146	0	0	0	1858	0	0	0	0	0	0	0	0	0	0	0	0	0	0	0	0	0	0	94	0	0	0	0	0	0	0	0	0	0	0	0	0	0	0	0	0	0	131	0	0	0	0	0	0	0	0	0	0	0	0	0	0	0	0	0	0	0	0	0	0	0	0	0	0	0	0	0	0	0	0	0	0	0	0	0	0	0	0	0	0	0	0	0	0	0	0	0	0	0	0	0	0	0	0	0	0	0	0	0	0	0	0	0	0	0	0	0	0	0	0	0	0	0	0	572	0	0	0	0	0	0	0	0	0	0	0	0	0	0
SRR23971581	0	0	186	0	186	0	0	0	0	0	0	0	0	0	711	0	0	0	0	0	0	0	0	0	0	0	0	0	186	0	150	0	0	0	0	0	0	0	0	0	0	0	0	0	0	147	0	0	0	0	91	0	0	0	472	0	0	0	0	0	0	0	0	0	0	0	0	492	0	0	0	0	159	1698	3752	0	0	0	2622	0	0	0	0	0	0	0	0	0	0	0	0	186	577	0	0	0	0	0	0	0	0	0	0	370	0	0	142	0	0	0	0	0	0	0	0	0	0	0	0	300	0	0	0	0	0	0	0	0	0	0	0	0	0	0	0	0	0	0	0	0	0	0	0	0	0	0	0	0	0	1627	0	0	0	0	0	0	0	0	0	0	0	0	0	0	0	0	0	0	0	517	0	0	0	0	0	0	0	0	0	1177	0	279	0	0
SRR23971582	0	0	0	0	0	491	0	0	0	0	0	0	0	0	0	0	0	497	0	0	0	0	0	0	0	0	0	0	165	0	0	0	0	0	0	0	0	0	0	169	0	0	0	0	0	198	0	0	0	0	418	0	0	0	385	0	0	0	842	0	0	0	93	0	0	0	0	0	7691	0	0	0	10597	355	2882	0	0	0	969	0	0	0	0	0	0	0	0	0	0	0	0	750	186	0	1194	172	0	0	0	0	93	11325	0	0	0	0	0	0	860	0	326	0	0	0	0	0	0	0	0	680	0	0	0	0	0	0	0	0	0	0	0	0	0	273	0	0	0	0	0	0	0	0	0	305	0	0	0	0	0	1896	0	0	0	0	0	0	0	0	0	0	0	4960	0	0	2764	0	0	0	0	811	0	0	0	0	0	0	0	0	0	1864	0	0	0	0
SRR23971583	0	93	168	0	0	286	0	0	0	0	0	0	0	0	0	0	0	0	0	0	0	0	0	0	0	0	0	0	253	0	121	0	0	186	0	0	0	0	0	0	0	0	0	0	0	93	0	0	0	0	2247	0	0	0	6682	0	0	0	0	0	0	0	0	0	0	0	0	0	0	0	0	0	158	503	4598	0	0	0	0	0	0	0	0	0	0	0	0	0	0	0	0	0	1580	0	0	0	0	0	0	0	0	93	0	0	0	0	861	0	0	0	0	0	0	0	0	0	0	0	0	1028	0	0	0	0	0	0	0	0	0	0	0	0	0	0	0	0	0	0	0	0	0	0	0	0	0	0	0	0	0	616	0	0	0	0	0	0	0	0	0	0	0	0	0	0	0	0	0	0	0	862	0	0	0	0	0	0	0	0	0	1955	0	0	0	0
SRR23971584	0	0	0	0	0	0	0	0	0	0	0	0	0	0	0	0	0	0	0	0	0	0	0	0	0	0	0	0	0	0	0	0	0	0	0	0	0	0	0	0	0	0	0	0	0	0	0	0	0	0	0	0	0	0	0	0	0	0	0	0	0	0	186	0	0	0	0	0	0	0	0	0	0	0	0	0	0	0	0	0	0	0	0	0	0	0	0	0	0	0	0	0	0	0	0	0	0	0	0	0	0	0	0	0	0	0	0	0	0	0	0	0	0	0	0	0	0	0	0	0	0	0	0	0	0	0	0	0	0	0	0	0	0	0	0	0	0	0	0	0	0	0	0	0	0	0	0	0	0	0	0	0	0	0	0	0	0	0	0	0	0	0	0	0	0	0	0	0	0	0	0	0	0	0	0	0	0	0	0	0	0	0	0	0
SRR23971585	0	0	0	0	0	0	0	0	0	0	0	0	0	0	0	0	0	0	0	0	0	0	0	0	0	0	0	0	0	0	0	0	0	0	0	0	0	0	0	0	0	0	0	0	0	0	0	0	0	0	0	0	0	0	0	0	0	0	0	0	0	0	0	0	0	0	0	0	0	0	0	0	0	0	0	0	0	0	0	0	0	0	0	0	0	0	0	0	0	0	0	0	0	0	0	0	0	0	0	0	0	0	0	0	0	0	0	0	0	0	0	0	0	0	0	0	0	0	0	0	0	0	0	0	0	0	0	0	0	0	0	0	0	0	0	0	0	0	0	0	0	0	0	0	0	0	0	0	0	0	0	0	0	0	0	0	0	0	0	0	0	0	0	0	0	0	0	0	0	0	0	0	0	0	0	0	0	0	0	0	0	0	0	0
SRR23971586	0	0	0	0	0	0	0	0	0	0	0	0	0	0	0	0	0	0	0	0	0	0	0	0	0	0	0	0	0	0	0	0	0	0	0	0	0	0	0	0	0	0	0	0	0	0	0	0	0	0	0	0	0	0	0	0	0	0	0	0	0	0	0	0	0	0	0	0	0	0	0	0	0	0	0	0	0	0	0	0	0	0	0	0	0	0	0	0	0	0	93	0	0	0	0	0	0	0	0	0	0	0	0	0	0	0	0	0	0	0	0	0	0	0	0	0	0	0	0	0	0	0	0	0	0	0	0	0	0	0	0	0	0	0	0	0	0	0	0	0	0	0	0	0	0	0	0	0	0	0	0	0	0	0	0	0	0	0	0	0	0	0	0	0	0	0	0	0	0	0	0	0	0	0	0	0	0	0	0	0	0	0	0	0
SRR23971587	0	0	0	0	0	0	558	0	0	0	0	357	0	0	0	0	0	0	0	0	0	0	0	0	0	158	0	0	0	0	0	0	0	0	0	0	0	0	0	0	0	0	0	0	0	0	0	0	0	0	0	0	0	0	0	0	0	0	0	0	0	0	0	0	0	0	0	0	0	0	0	0	0	0	0	0	0	0	0	0	0	0	0	0	0	0	0	0	0	0	0	0	0	0	0	0	0	0	0	0	0	0	0	0	0	0	0	0	0	0	0	0	0	0	0	0	0	0	0	0	0	0	0	0	0	0	0	0	0	0	93	0	0	0	0	0	0	0	1088	0	0	0	0	0	0	0	0	0	0	0	0	0	0	0	0	0	0	0	0	0	0	0	0	0	0	0	0	0	0	202	0	0	0	445	0	0	0	0	0	0	0	0	0	0
SRR23971588	0	0	0	0	0	0	0	0	0	0	0	0	0	0	0	0	0	0	0	0	0	0	0	0	0	0	0	0	0	0	0	0	0	0	0	0	0	0	0	0	0	0	0	0	0	0	0	0	0	0	115	0	0	0	93	0	0	0	0	0	0	0	0	0	0	0	0	0	0	0	0	0	0	0	0	0	0	0	0	0	0	0	0	0	0	0	0	0	0	0	0	0	0	0	0	0	0	0	0	0	0	0	0	0	0	0	0	0	0	0	0	0	0	0	0	0	0	0	0	0	0	0	0	0	0	0	0	0	0	0	0	0	0	0	0	0	0	0	0	0	0	0	0	0	0	0	0	0	0	0	0	0	0	0	0	0	0	0	0	0	0	0	0	0	0	0	0	0	0	0	0	0	0	0	0	0	0	0	0	0	0	0	0	0
SRR23971589	0	0	0	0	86	43	185	43	0	0	0	0	1573	0	1398	0	86	0	49	0	473	0	0	0	0	0	0	0	0	0	0	0	129	0	0	0	215	0	0	0	0	0	0	0	0	0	43	0	0	0	215	0	0	43	301	0	0	0	0	0	4929	0	1813	0	0	0	0	0	0	0	13023	8311	129	0	0	0	0	0	43	0	0	0	0	0	0	0	86	0	1212	0	2976	0	7934	0	0	0	0	0	0	0	0	0	0	0	0	0	0	0	0	0	0	0	559	353	0	0	86	172	0	43	0	0	0	43	0	0	0	0	0	86	0	0	0	0	686	0	0	0	129	0	0	0	0	0	0	4751	0	0	0	0	0	43	0	0	172	43	0	86	0	0	0	0	0	0	0	132	0	0	0	2192	0	0	0	129	0	0	0	0	0	0	0	0	0	0
SRR23971590	0	0	0	0	0	0	0	0	0	0	0	0	0	0	0	0	0	0	0	0	0	0	0	0	0	0	0	0	0	0	0	0	0	0	0	0	0	0	0	0	0	0	0	0	0	0	0	0	0	0	0	0	0	0	0	0	0	0	0	0	0	0	0	0	0	0	0	0	0	0	0	0	0	0	0	0	0	0	0	0	0	0	0	0	0	0	0	0	0	0	0	0	0	0	0	0	0	0	0	0	0	0	0	0	0	0	0	0	0	0	0	0	0	0	0	0	0	0	0	0	0	0	0	0	0	0	0	0	0	0	0	0	0	0	0	0	0	0	0	0	0	0	0	0	0	0	0	0	0	0	0	0	0	0	0	0	0	0	0	0	0	0	0	0	0	0	0	0	0	0	0	0	0	0	0	0	0	0	0	0	0	0	0	0
SRR23971591	0	0	0	0	0	0	0	0	0	0	0	0	0	0	0	0	0	0	0	0	0	0	0	0	0	0	0	0	0	0	0	0	0	0	7183	0	0	0	0	0	0	0	0	0	0	0	0	0	0	0	0	0	0	0	632	0	0	0	0	0	0	0	0	0	0	0	0	0	0	0	0	0	0	0	0	0	0	0	0	0	0	0	0	0	0	0	0	0	0	0	0	0	0	0	0	0	0	0	0	0	0	0	0	0	0	0	0	0	0	0	0	0	0	0	0	0	0	0	0	0	0	0	0	0	0	0	0	0	0	0	0	0	0	0	0	0	0	0	0	0	0	0	0	0	0	0	0	0	0	0	0	0	0	0	0	0	0	0	0	0	0	0	0	0	0	0	0	0	0	0	0	0	0	0	0	0	0	0	0	0	0	0	0	0
SRR23971592	43	129	473	0	129	86	86	0	0	0	0	0	86	43	713	0	0	298	215	344	0	172	86	0	0	0	0	0	521	0	0	0	0	0	0	0	0	0	0	0	0	0	0	0	0	86	0	129	43	86	931	43	0	214	2818	0	0	0	0	0	0	0	532	0	0	0	0	559	43	0	0	43	0	369	479	0	0	0	3869	0	0	0	0	0	0	0	0	0	0	0	0	0	1367	0	0	86	0	43	0	0	0	0	0	0	0	0	86	0	0	0	0	0	0	0	0	0	0	0	0	172	0	0	0	0	0	0	43	0	0	86	43	0	0	0	0	0	0	43	172	0	0	0	0	0	0	0	0	0	0	387	0	0	0	0	0	0	86	0	0	0	0	0	0	0	43	0	0	0	0	1393	0	0	0	0	0	0	0	0	43	721	0	0	0	0
SRR23971593	0	0	43	0	0	43	0	0	0	0	0	1565	0	0	0	0	0	0	0	0	0	0	0	0	0	0	0	0	0	0	0	0	0	0	0	0	0	0	0	0	0	0	0	0	0	0	0	0	0	0	0	0	0	0	688	0	0	0	0	0	0	0	0	0	0	0	0	0	43	0	0	0	0	344	0	0	0	0	86	0	0	0	0	0	0	0	0	129	0	0	0	0	0	0	0	0	0	0	0	0	0	0	0	43	0	0	0	0	0	0	0	0	0	0	0	0	0	0	0	0	0	0	0	0	0	0	0	0	0	0	0	0	0	0	0	0	0	0	0	0	0	0	0	0	0	0	0	0	0	0	0	0	0	0	0	0	0	0	0	0	0	0	0	0	0	0	0	0	0	0	0	0	0	0	0	0	0	0	0	0	0	0	0	0
